{"dataset": "CIFAR-10", "k1": 20, "k2": 27, "distance": 30.845584869384766, "alphas": [0.0, 0.0416666679084301, 0.0833333358168602, 0.125, 0.1666666716337204, 0.2083333432674408, 0.25, 0.2916666865348816, 0.3333333432674408, 0.375, 0.4166666865348816, 0.4583333432674408, 0.5, 0.5416666269302368, 0.5833333134651184, 0.625, 0.6666666269302368, 0.7083333134651184, 0.75, 0.7916666865348816, 0.8333333134651184, 0.875, 0.9166666865348816, 0.9583333134651184, 1.0], "losses_train": [0.7938160467147827, 0.7918138265609741, 0.79881343126297, 0.7854035377502442, 0.7852887284755706, 0.7905737698078156, 0.7854523575305938, 0.7771842157840729, 0.7844785130023957, 0.7761013877391815, 0.7770443570613861, 0.7821852254867554, 0.781291573047638, 0.7715350222587586, 0.7781204664707184, 0.7781755399703979, 0.7858698379993438, 0.7805692279338836, 0.7896388399600983, 0.7818595027923584, 0.7858315765857696, 0.791396473646164, 0.7848273134231567, 0.7921368038654327, 0.8025274395942688], "accuracy_lst_train": [0.735, 0.72875, 0.7265625, 0.730625, 0.73125, 0.73625, 0.72375, 0.73546875, 0.730625, 0.7375, 0.733125, 0.72953125, 0.72828125, 0.73296875, 0.73234375, 0.7290625, 0.7315625, 0.730625, 0.725, 0.72984375, 0.731875, 0.72625, 0.731875, 0.72390625, 0.7215625], "losses_test": [0.8349695551395416, 0.839840898513794, 0.8298921716213227, 0.8296026730537415, 0.8260975205898284, 0.825856831073761, 0.8286490058898925, 0.8164634549617767, 0.8235294330120086, 0.8244540536403656, 0.819875807762146, 0.8212338972091675, 0.8309777128696442, 0.8183004915714264, 0.8234181642532349, 0.8277688002586365, 0.8157555305957794, 0.8280749773979187, 0.8227847111225128, 0.8316999411582947, 0.8333733308315278, 0.8333373057842255, 0.8441150844097137, 0.8417199337482453, 0.8369364261627197], "accuracy_lst_test": [0.71359375, 0.7128125, 0.71546875, 0.71203125, 0.71859375, 0.7190625, 0.7175, 0.72234375, 0.720625, 0.71890625, 0.72203125, 0.718125, 0.718125, 0.7225, 0.71890625, 0.71859375, 0.720625, 0.709375, 0.72265625, 0.70921875, 0.7103125, 0.71703125, 0.7078125, 0.70953125, 0.709375]}