{"dataset": "CIFAR-10", "k1": 15, "k2": 25, "distance": 34.92966079711914, "alphas": [0.0, 0.0416666679084301, 0.0833333358168602, 0.125, 0.1666666716337204, 0.2083333432674408, 0.25, 0.2916666865348816, 0.3333333432674408, 0.375, 0.4166666865348816, 0.4583333432674408, 0.5, 0.5416666269302368, 0.5833333134651184, 0.625, 0.6666666269302368, 0.7083333134651184, 0.75, 0.7916666865348816, 0.8333333134651184, 0.875, 0.9166666865348816, 0.9583333134651184, 1.0], "losses_train": [0.81066885471344, 0.8122172081470489, 0.8009304916858673, 0.7995656633377075, 0.7932001709938049, 0.7943637096881866, 0.7823500788211822, 0.7984343111515045, 0.7971514022350311, 0.7862771785259247, 0.784966127872467, 0.7832446455955505, 0.7872875046730041, 0.790122857093811, 0.7930167400836945, 0.7903739142417908, 0.8005002903938293, 0.8005183863639832, 0.8010122752189637, 0.7980027651786804, 0.8131163430213928, 0.8090571057796478, 0.8084757924079895, 0.8246301114559174, 0.8183026158809662], "accuracy_lst_train": [0.72203125, 0.71421875, 0.7259375, 0.72625, 0.72828125, 0.7328125, 0.731875, 0.73125, 0.7290625, 0.7309375, 0.73484375, 0.74078125, 0.73, 0.73296875, 0.73421875, 0.7346875, 0.7275, 0.7303125, 0.7303125, 0.73265625, 0.7271875, 0.73, 0.731875, 0.72359375, 0.71578125], "losses_test": [0.8552183640003205, 0.8564969682693482, 0.8332941699028015, 0.8362968420982361, 0.8516097140312194, 0.8444850182533264, 0.8425858235359192, 0.843809700012207, 0.8364109122753143, 0.84108478307724, 0.836412615776062, 0.8400763213634491, 0.8425648736953736, 0.8328993153572083, 0.8318700861930847, 0.8358978855609894, 0.8420287716388702, 0.8425296020507812, 0.8436803805828095, 0.8423368895053863, 0.8504930031299591, 0.8559183192253113, 0.855152850151062, 0.8672217202186584, 0.8696525132656098], "accuracy_lst_test": [0.70578125, 0.7071875, 0.71625, 0.71421875, 0.70875, 0.71359375, 0.70625, 0.7065625, 0.719375, 0.7171875, 0.71390625, 0.71515625, 0.714375, 0.71796875, 0.721875, 0.7196875, 0.71046875, 0.71609375, 0.716875, 0.71828125, 0.71859375, 0.7078125, 0.7140625, 0.7025, 0.7003125]}