{"dataset": "CIFAR-10", "k1": 20, "k2": 24, "distance": 24.29294776916504, "alphas": [0.0, 0.0416666679084301, 0.0833333358168602, 0.125, 0.1666666716337204, 0.2083333432674408, 0.25, 0.2916666865348816, 0.3333333432674408, 0.375, 0.4166666865348816, 0.4583333432674408, 0.5, 0.5416666269302368, 0.5833333134651184, 0.625, 0.6666666269302368, 0.7083333134651184, 0.75, 0.7916666865348816, 0.8333333134651184, 0.875, 0.9166666865348816, 0.9583333134651184, 1.0], "losses_train": [0.8403736793994904, 0.835764616727829, 0.8319048750400543, 0.830550011396408, 0.8215898609161377, 0.8223646116256714, 0.8249339497089386, 0.8196049916744232, 0.8161950623989105, 0.8087310922145844, 0.8127951431274414, 0.8145427250862122, 0.8036667370796203, 0.8024224042892456, 0.8039799690246582, 0.8025034904479981, 0.8021382641792297, 0.8064603841304779, 0.8043882787227631, 0.8051356709003449, 0.8067926990985871, 0.8072600901126862, 0.8070912754535675, 0.8161221146583557, 0.80817049741745], "accuracy_lst_train": [0.71015625, 0.7171875, 0.71390625, 0.71640625, 0.715625, 0.71796875, 0.71109375, 0.719375, 0.7240625, 0.719375, 0.72484375, 0.71703125, 0.72828125, 0.72921875, 0.72953125, 0.7259375, 0.7234375, 0.72828125, 0.71953125, 0.7259375, 0.7240625, 0.72359375, 0.7209375, 0.72296875, 0.7184375], "losses_test": [0.8749208545684815, 0.8764285802841186, 0.8748875474929809, 0.8696880412101745, 0.8591625595092773, 0.8637360215187073, 0.8669598722457885, 0.861395514011383, 0.8597475147247314, 0.8562298440933227, 0.8545812523365021, 0.8457645964622498, 0.8550291061401367, 0.8600458002090454, 0.8478335845470428, 0.8477028965950012, 0.8525546598434448, 0.8423661410808563, 0.8499369597434998, 0.8467378723621368, 0.8442789447307587, 0.8496893811225891, 0.8515947198867798, 0.8509703850746155, 0.8545669639110565], "accuracy_lst_test": [0.70015625, 0.70140625, 0.69515625, 0.70296875, 0.70609375, 0.70796875, 0.70515625, 0.705625, 0.70828125, 0.7065625, 0.7075, 0.70984375, 0.71125, 0.70796875, 0.71171875, 0.71578125, 0.70828125, 0.71375, 0.7, 0.71453125, 0.7134375, 0.70828125, 0.70765625, 0.711875, 0.70171875]}