{"dataset": "CIFAR-10", "k1": 15, "k2": 22, "distance": 30.182371139526367, "alphas": [0.0, 0.0416666679084301, 0.0833333358168602, 0.125, 0.1666666716337204, 0.2083333432674408, 0.25, 0.2916666865348816, 0.3333333432674408, 0.375, 0.4166666865348816, 0.4583333432674408, 0.5, 0.5416666269302368, 0.5833333134651184, 0.625, 0.6666666269302368, 0.7083333134651184, 0.75, 0.7916666865348816, 0.8333333134651184, 0.875, 0.9166666865348816, 0.9583333134651184, 1.0], "losses_train": [0.830062849521637, 0.8278159630298615, 0.8287081563472748, 0.8232821774482727, 0.8188303625583648, 0.8197793197631836, 0.8234269070625305, 0.8131584525108337, 0.8080377268791199, 0.8098374676704406, 0.821968468427658, 0.8159474301338195, 0.8135502231121063, 0.8184728717803955, 0.8213606595993042, 0.8251559138298035, 0.823645521402359, 0.8123119604587555, 0.817828209400177, 0.8303314518928527, 0.8282690358161926, 0.826026269197464, 0.8326629400253296, 0.8396441209316253, 0.8410033559799195], "accuracy_lst_train": [0.7115625, 0.7125, 0.71671875, 0.7165625, 0.716875, 0.7140625, 0.713125, 0.72609375, 0.72796875, 0.725, 0.7171875, 0.7221875, 0.721875, 0.71828125, 0.71671875, 0.72015625, 0.720625, 0.72375, 0.71640625, 0.7171875, 0.71703125, 0.71359375, 0.7165625, 0.70640625, 0.71046875], "losses_test": [0.8676234066486359, 0.8673875808715821, 0.8626247644424438, 0.8600355780124664, 0.8609138095378875, 0.8526681709289551, 0.8491021466255187, 0.8597277653217316, 0.8564525485038758, 0.8623849725723267, 0.8554803454875946, 0.8481624948978425, 0.8545956754684448, 0.8524692869186401, 0.8544695091247558, 0.8608982396125794, 0.8603325688838959, 0.8560775709152222, 0.8671752166748047, 0.8684893441200257, 0.8561143255233765, 0.8700646889209748, 0.8727234327793121, 0.8716545975208283, 0.8788197636604309], "accuracy_lst_test": [0.69796875, 0.6978125, 0.700625, 0.705, 0.7003125, 0.70765625, 0.7075, 0.70296875, 0.7053125, 0.70671875, 0.7003125, 0.70703125, 0.7096875, 0.71109375, 0.705, 0.7053125, 0.70765625, 0.70765625, 0.70171875, 0.70828125, 0.71203125, 0.70390625, 0.70328125, 0.6978125, 0.70078125]}