{"dataset": "MNIST", "k1": 2, "k2": 8, "distance": 7.66532564163208, "alphas": [0.0, 0.0416666679084301, 0.0833333358168602, 0.125, 0.1666666716337204, 0.2083333432674408, 0.25, 0.2916666865348816, 0.3333333432674408, 0.375, 0.4166666865348816, 0.4583333432674408, 0.5, 0.5416666269302368, 0.5833333134651184, 0.625, 0.6666666269302368, 0.7083333134651184, 0.75, 0.7916666865348816, 0.8333333134651184, 0.875, 0.9166666865348816, 0.9583333134651184, 1.0], "losses_train": [0.030225218205014243, 0.02767750508384779, 0.025486176170525142, 0.023606148031540215, 0.021958985084784218, 0.020558190100709906, 0.019387246508849786, 0.01840441592037678, 0.017609095232910477, 0.01694620016089175, 0.016415542968316002, 0.015946683794027194, 0.01552858560695313, 0.01513973660999909, 0.014819824516307563, 0.014580885452451184, 0.014432081680861302, 0.014384379883995279, 0.01443444996722974, 0.014605739638209343, 0.014898649812676013, 0.015337257697246968, 0.015916751987533645, 0.016682507221121343, 0.01764080537483096], "accuracy_lst_train": [0.9884375, 0.99, 0.99, 0.9915625, 0.991875, 0.9925, 0.9928125, 0.9934375, 0.994375, 0.9946875, 0.9946875, 0.9946875, 0.995, 0.995, 0.995625, 0.995625, 0.9959375, 0.9959375, 0.9953125, 0.9959375, 0.995625, 0.9959375, 0.9959375, 0.994375, 0.9940625], "losses_test": [0.06503439706750214, 0.061408825495745986, 0.05824219892383553, 0.05540241270209663, 0.052981405017198994, 0.05086475987453014, 0.048999168378068135, 0.04738014998380095, 0.04602898513432592, 0.04492850117152557, 0.04394264780450612, 0.0431151317153126, 0.04252707525622099, 0.04212052493588999, 0.0418724212422967, 0.04180322437547147, 0.041911832527257505, 0.04220690066227689, 0.04265515077160671, 0.043358732007909566, 0.044330952428281306, 0.04551357174525037, 0.046967127926182003, 0.04862992842681706, 0.05052710790652782], "accuracy_lst_test": [0.980625, 0.981875, 0.9821875, 0.983125, 0.9834375, 0.9840625, 0.9853125, 0.9853125, 0.9871875, 0.9871875, 0.986875, 0.986875, 0.9871875, 0.9875, 0.9875, 0.9875, 0.9865625, 0.98625, 0.9859375, 0.985625, 0.9859375, 0.985625, 0.984375, 0.98375, 0.9834375]}