{"dataset": "MNIST", "k1": 0, "k2": 6, "distance": 3.94724440574646, "alphas": [0.0, 0.0416666679084301, 0.0833333358168602, 0.125, 0.1666666716337204, 0.2083333432674408, 0.25, 0.2916666865348816, 0.3333333432674408, 0.375, 0.4166666865348816, 0.4583333432674408, 0.5, 0.5416666269302368, 0.5833333134651184, 0.625, 0.6666666269302368, 0.7083333134651184, 0.75, 0.7916666865348816, 0.8333333134651184, 0.875, 0.9166666865348816, 0.9583333134651184, 1.0], "losses_train": [0.09930634170770646, 0.09896740354597569, 0.09892052479088306, 0.09912289574742317, 0.09952530182898045, 0.10008464463055133, 0.10074231043457985, 0.10142877638339996, 0.10205693230032921, 0.10259562596678734, 0.10300577521324157, 0.10323976546525955, 0.10331947177648544, 0.10323881611227989, 0.10302394330501556, 0.10266351759433746, 0.10217216819524765, 0.10156361699104309, 0.10092563182115555, 0.10035313650965691, 0.09990580141544342, 0.09963106527924538, 0.09956092774868011, 0.09972172066569328, 0.10014876291155815], "accuracy_lst_train": [0.97025390625, 0.9704296875, 0.97033203125, 0.9705078125, 0.97052734375, 0.9703125, 0.97009765625, 0.9698828125, 0.96990234375, 0.96978515625, 0.96978515625, 0.9700390625, 0.96984375, 0.97005859375, 0.9701171875, 0.96998046875, 0.970078125, 0.97001953125, 0.96986328125, 0.969765625, 0.97, 0.97009765625, 0.96984375, 0.9696484375, 0.9695703125], "losses_test": [0.08808370289802551, 0.08783024159669876, 0.0878625372171402, 0.08811775941848755, 0.08855860838890076, 0.08912598317861557, 0.08977931473255157, 0.09041037393808365, 0.0909571521282196, 0.0913964227437973, 0.09166377055644989, 0.09179082325696945, 0.09179314193725586, 0.09162531433105468, 0.09132536879777908, 0.09089788831472397, 0.09029813706874848, 0.08956072244644166, 0.08876771795749665, 0.08797698421478271, 0.0873067281961441, 0.08679733667373657, 0.08644479916095733, 0.0863003827214241, 0.08637301514148713], "accuracy_lst_test": [0.9722, 0.9729, 0.9724, 0.9721, 0.9721, 0.9718, 0.9718, 0.9714, 0.971, 0.971, 0.9709, 0.9708, 0.9708, 0.9705, 0.9704, 0.9706, 0.971, 0.9714, 0.9717, 0.9717, 0.9715, 0.9718, 0.9722, 0.9725, 0.9724]}