{"dataset": "MNIST", "k1": 2, "k2": 4, "distance": 3.9494049549102783, "alphas": [0.0, 0.0416666679084301, 0.0833333358168602, 0.125, 0.1666666716337204, 0.2083333432674408, 0.25, 0.2916666865348816, 0.3333333432674408, 0.375, 0.4166666865348816, 0.4583333432674408, 0.5, 0.5416666269302368, 0.5833333134651184, 0.625, 0.6666666269302368, 0.7083333134651184, 0.75, 0.7916666865348816, 0.8333333134651184, 0.875, 0.9166666865348816, 0.9583333134651184, 1.0], "losses_train": [0.044216948584653436, 0.04238969150232151, 0.04070954269729555, 0.039221823203843084, 0.037856207394506784, 0.03657897487049922, 0.03540608717594296, 0.03437744849827141, 0.033473740419140086, 0.0327322259079665, 0.0321222139254678, 0.03165812773513608, 0.03135975837125443, 0.031175469778245316, 0.031088751105125993, 0.03111578818410635, 0.031260164809646086, 0.03152320070192218, 0.031904478420037775, 0.03239431132213213, 0.03297944700694643, 0.033659885101951656, 0.03444452406605705, 0.035363000058569016, 0.03644968424458057], "accuracy_lst_train": [0.9865625, 0.986875, 0.988125, 0.98875, 0.989375, 0.9896875, 0.9896875, 0.9903125, 0.99, 0.9903125, 0.99125, 0.99125, 0.99125, 0.9909375, 0.9915625, 0.9915625, 0.9909375, 0.9909375, 0.99125, 0.991875, 0.9921875, 0.9925, 0.9921875, 0.9921875, 0.9909375], "losses_test": [0.06851434349082411, 0.06648357640951871, 0.06463202573359013, 0.06297247568611056, 0.06151803669054061, 0.0602356337569654, 0.05913470847066492, 0.058174931458197535, 0.057337880325503646, 0.05663548516109586, 0.056076564569957556, 0.05568186811637133, 0.05544785305391997, 0.055349863586016, 0.0554485826054588, 0.05567981280386448, 0.056027728198096156, 0.05654741895385087, 0.05720613019075245, 0.057968027256429196, 0.05886988788377494, 0.059913387414999304, 0.06112638476770371, 0.06257763244211674, 0.06428565680980683], "accuracy_lst_test": [0.978125, 0.9790625, 0.979375, 0.979375, 0.98, 0.98, 0.979375, 0.980625, 0.9803125, 0.9809375, 0.980625, 0.9809375, 0.98125, 0.98125, 0.9815625, 0.9821875, 0.9821875, 0.981875, 0.9821875, 0.9821875, 0.981875, 0.9815625, 0.9815625, 0.980625, 0.98]}