{"dataset": "MNIST", "k1": 5, "k2": 7, "distance": 4.701623439788818, "alphas": [0.0, 0.0416666679084301, 0.0833333358168602, 0.125, 0.1666666716337204, 0.2083333432674408, 0.25, 0.2916666865348816, 0.3333333432674408, 0.375, 0.4166666865348816, 0.4583333432674408, 0.5, 0.5416666269302368, 0.5833333134651184, 0.625, 0.6666666269302368, 0.7083333134651184, 0.75, 0.7916666865348816, 0.8333333134651184, 0.875, 0.9166666865348816, 0.9583333134651184, 1.0], "losses_train": [0.02304994734120555, 0.021931156907230617, 0.020930067611625417, 0.020050370986573397, 0.01927934988052584, 0.01860136667441111, 0.01804606629535556, 0.017589021982857958, 0.017205296802567317, 0.016900667340960355, 0.016677817458403296, 0.01654029259982053, 0.016516326238634065, 0.016585764695773834, 0.016762660451349803, 0.017042786510428412, 0.017453076375531965, 0.017958753738203086, 0.01854592595307622, 0.019270929768681527, 0.020166449653333984, 0.021253935978747904, 0.02253838971431833, 0.02408280406787526, 0.025922907835338266], "accuracy_lst_train": [0.99125, 0.9915625, 0.9925, 0.9928125, 0.9928125, 0.9928125, 0.9928125, 0.9934375, 0.99375, 0.99375, 0.9940625, 0.9934375, 0.9934375, 0.993125, 0.9934375, 0.99375, 0.99375, 0.9940625, 0.99375, 0.993125, 0.9928125, 0.9921875, 0.9915625, 0.99125, 0.9903125], "losses_test": [0.05467986495699734, 0.05296881870133802, 0.05141927482793108, 0.05000805073417723, 0.04875665384577587, 0.04767228357493877, 0.046729934313334526, 0.04594690854195505, 0.04531060992041603, 0.04480012400075793, 0.04443853432079777, 0.04423153449431993, 0.04416670907521621, 0.044236076942179355, 0.04443806915776804, 0.0447843021643348, 0.045313745486782867, 0.04610062696039677, 0.0471296552370768, 0.048399984292918814, 0.04991864951327443, 0.051764156469143924, 0.0539819537976291, 0.05662738304119557, 0.059795189441647384], "accuracy_lst_test": [0.9846875, 0.985, 0.984375, 0.984375, 0.984375, 0.984375, 0.9853125, 0.9846875, 0.985, 0.9853125, 0.9853125, 0.9859375, 0.9846875, 0.9846875, 0.9846875, 0.9840625, 0.984375, 0.9828125, 0.9825, 0.9821875, 0.981875, 0.9821875, 0.9815625, 0.980625, 0.979375]}