{"dataset": "MNIST", "k1": 0, "k2": 5, "distance": 3.6549630165100098, "alphas": [0.0, 0.0416666679084301, 0.0833333358168602, 0.125, 0.1666666716337204, 0.2083333432674408, 0.25, 0.2916666865348816, 0.3333333432674408, 0.375, 0.4166666865348816, 0.4583333432674408, 0.5, 0.5416666269302368, 0.5833333134651184, 0.625, 0.6666666269302368, 0.7083333134651184, 0.75, 0.7916666865348816, 0.8333333134651184, 0.875, 0.9166666865348816, 0.9583333134651184, 1.0], "losses_train": [0.12979761332273484, 0.1278662244975567, 0.1265694785118103, 0.1258097042143345, 0.1254905104637146, 0.12552083700895308, 0.12581879317760467, 0.1262936535477638, 0.12685436397790908, 0.12740109175443648, 0.12779676914215088, 0.1279442435503006, 0.12783777132630347, 0.12748661622405053, 0.12690238729119302, 0.12612325996160506, 0.1252170366048813, 0.12427572414278984, 0.12337850004434586, 0.12262451410293579, 0.12207189932465554, 0.12176469013094902, 0.12171475008130074, 0.12193430721759796, 0.12242789715528488], "accuracy_lst_train": [0.96005859375, 0.96078125, 0.9615625, 0.962265625, 0.96220703125, 0.96232421875, 0.9625, 0.96259765625, 0.96271484375, 0.96265625, 0.96259765625, 0.9626171875, 0.96275390625, 0.962734375, 0.96294921875, 0.96294921875, 0.9633984375, 0.9636328125, 0.96388671875, 0.96408203125, 0.96400390625, 0.9641796875, 0.96390625, 0.96392578125, 0.9637890625], "losses_test": [0.11822237164974213, 0.1164291942358017, 0.1152508348941803, 0.11461507382392884, 0.11438665788173676, 0.1144766027212143, 0.11482704597711563, 0.11534320427179337, 0.11595819730758666, 0.1165239893078804, 0.116893874335289, 0.11701902384757995, 0.11689848117828369, 0.1165752309679985, 0.11600760408639908, 0.11522785204648972, 0.11427860783338546, 0.11324865239858627, 0.1122789840221405, 0.1114403226852417, 0.11077571400403977, 0.11033760627508163, 0.11012478505373001, 0.11015051935911178, 0.11043822224140168], "accuracy_lst_test": [0.963, 0.9637, 0.9645, 0.9655, 0.9658, 0.966, 0.9661, 0.9664, 0.9658, 0.9659, 0.9656, 0.9653, 0.9654, 0.9655, 0.9653, 0.9651, 0.9647, 0.9654, 0.9659, 0.9658, 0.9658, 0.9658, 0.9658, 0.9655, 0.9652]}