{"dataset": "MNIST", "k1": 2, "k2": 7, "distance": 6.7703351974487305, "alphas": [0.0, 0.0416666679084301, 0.0833333358168602, 0.125, 0.1666666716337204, 0.2083333432674408, 0.25, 0.2916666865348816, 0.3333333432674408, 0.375, 0.4166666865348816, 0.4583333432674408, 0.5, 0.5416666269302368, 0.5833333134651184, 0.625, 0.6666666269302368, 0.7083333134651184, 0.75, 0.7916666865348816, 0.8333333134651184, 0.875, 0.9166666865348816, 0.9583333134651184, 1.0], "losses_train": [0.023197179946582765, 0.02230649983510375, 0.021494674700079486, 0.02077065278077498, 0.020120583313982934, 0.019557247310876845, 0.01904574261279777, 0.01858799751382321, 0.01817841289099306, 0.01788191803614609, 0.0176663038530387, 0.01754077140125446, 0.017488974137231706, 0.01753925845376216, 0.017711416680249385, 0.018003751292708328, 0.018392874930868858, 0.018884683588403277, 0.01950788185466081, 0.020247427189024166, 0.021069198630284516, 0.022004988045664503, 0.023104217794025318, 0.02440984228393063, 0.025922907835338266], "accuracy_lst_train": [0.9921875, 0.9928125, 0.993125, 0.993125, 0.9934375, 0.99375, 0.994375, 0.99375, 0.99375, 0.9940625, 0.994375, 0.9940625, 0.9940625, 0.9934375, 0.9934375, 0.9934375, 0.9934375, 0.991875, 0.9915625, 0.99125, 0.991875, 0.9921875, 0.99125, 0.9909375, 0.9903125], "losses_test": [0.04351343230344355, 0.0419988495670259, 0.040784702880773696, 0.03980323819443583, 0.03899926773039624, 0.03837464139098302, 0.03787372113321908, 0.03752028857823461, 0.03730576530215331, 0.03722392552881502, 0.037282018648693335, 0.03751571535714902, 0.03790931800031103, 0.03849769355962053, 0.03927552193868905, 0.04025571014150046, 0.04138816447230056, 0.04275462241494097, 0.044382851560367274, 0.046260887442622335, 0.048383612749166784, 0.05078571644611657, 0.0534643432602752, 0.056458155578002336, 0.059795189441647384], "accuracy_lst_test": [0.985, 0.9853125, 0.9865625, 0.9875, 0.9875, 0.988125, 0.9875, 0.9875, 0.9878125, 0.9884375, 0.9884375, 0.9884375, 0.988125, 0.988125, 0.986875, 0.98625, 0.985625, 0.9846875, 0.9840625, 0.98375, 0.983125, 0.9825, 0.9815625, 0.9803125, 0.979375]}