{"dataset": "MNIST", "k1": 2, "k2": 9, "distance": 8.581299781799316, "alphas": [0.0, 0.0416666679084301, 0.0833333358168602, 0.125, 0.1666666716337204, 0.2083333432674408, 0.25, 0.2916666865348816, 0.3333333432674408, 0.375, 0.4166666865348816, 0.4583333432674408, 0.5, 0.5416666269302368, 0.5833333134651184, 0.625, 0.6666666269302368, 0.7083333134651184, 0.75, 0.7916666865348816, 0.8333333134651184, 0.875, 0.9166666865348816, 0.9583333134651184, 1.0], "losses_train": [0.01619509217678569, 0.015435570022091269, 0.01473704760777764, 0.014134860731719528, 0.013583433594903908, 0.013109811174799688, 0.012665769348386676, 0.012260356431070249, 0.011918144635856151, 0.011633106602239422, 0.011393329171696678, 0.011189911364926957, 0.011032716933987103, 0.01094897189817857, 0.010908665578463116, 0.010915492979693226, 0.010976706330548041, 0.01109508324356284, 0.011303078955388629, 0.01154311177553609, 0.011875157562317327, 0.012310892685782164, 0.012771219650749116, 0.013286179223796353, 0.013871305814245716], "accuracy_lst_train": [0.9934375, 0.9934375, 0.9934375, 0.9940625, 0.9940625, 0.9940625, 0.9946875, 0.9946875, 0.9953125, 0.995625, 0.995625, 0.9959375, 0.9959375, 0.9959375, 0.99625, 0.9959375, 0.995625, 0.995625, 0.995625, 0.995625, 0.9959375, 0.995625, 0.995625, 0.995625, 0.995], "losses_test": [0.04593073807423934, 0.04430072339717299, 0.0429333281959407, 0.041747475719312206, 0.04080958778853528, 0.04001380259287544, 0.039317951819393786, 0.038740267275134105, 0.03830065519898199, 0.03794961013831198, 0.037718187391292304, 0.03755432551493868, 0.03744230929529294, 0.03736699204426259, 0.03734583329875022, 0.03739173431880772, 0.037581774041755125, 0.03789340531104244, 0.03826276785810478, 0.03866510140825994, 0.03915779991541058, 0.03973434844054282, 0.040349052242236214, 0.04108017852064222, 0.04198473735945299], "accuracy_lst_test": [0.984375, 0.985, 0.985625, 0.98625, 0.986875, 0.9871875, 0.988125, 0.9884375, 0.9884375, 0.9884375, 0.98875, 0.9890625, 0.9890625, 0.98875, 0.989375, 0.990625, 0.9903125, 0.9890625, 0.9890625, 0.98875, 0.9875, 0.9871875, 0.986875, 0.9859375, 0.9853125]}