{"dataset": "MNIST", "k1": 0, "k2": 8, "distance": 4.41118860244751, "alphas": [0.0, 0.0416666679084301, 0.0833333358168602, 0.125, 0.1666666716337204, 0.2083333432674408, 0.25, 0.2916666865348816, 0.3333333432674408, 0.375, 0.4166666865348816, 0.4583333432674408, 0.5, 0.5416666269302368, 0.5833333134651184, 0.625, 0.6666666269302368, 0.7083333134651184, 0.75, 0.7916666865348816, 0.8333333134651184, 0.875, 0.9166666865348816, 0.9583333134651184, 1.0], "losses_train": [0.07813302904367447, 0.0781647639721632, 0.0784500265866518, 0.07893780499696731, 0.07958942130208016, 0.08034925863146782, 0.08115442603826523, 0.08193383298814297, 0.08261232264339924, 0.08315653935074806, 0.08349463984370231, 0.08361668169498443, 0.08351470768451691, 0.08320254243910313, 0.08274477429687976, 0.08215764440596103, 0.08150604397058486, 0.080809171423316, 0.08013188444077969, 0.07956837445497512, 0.07918339431285858, 0.07902960240840912, 0.07911280922591686, 0.07946917749941348, 0.08012183874845505], "accuracy_lst_train": [0.97615234375, 0.97626953125, 0.976015625, 0.97599609375, 0.97572265625, 0.97556640625, 0.9754296875, 0.9753125, 0.97529296875, 0.975078125, 0.9748046875, 0.97484375, 0.97482421875, 0.9748828125, 0.97484375, 0.97490234375, 0.9749609375, 0.975390625, 0.97560546875, 0.9759765625, 0.9759375, 0.97607421875, 0.9759765625, 0.9756640625, 0.97541015625], "losses_test": [0.07172541180849075, 0.07152704554796219, 0.07159346138238906, 0.07186808263063431, 0.07232033377885819, 0.07289306044578553, 0.07350429924726486, 0.07407901401519776, 0.07457955498695373, 0.07491913293600082, 0.07508087965250015, 0.07505317946672439, 0.07483759293556214, 0.0744533017039299, 0.07394260911941529, 0.07333031095266342, 0.07259193524122239, 0.07177166327238083, 0.07099325404167176, 0.07031512548923492, 0.06981618375778198, 0.0695599168419838, 0.06956380569934845, 0.06982776956558227, 0.07035751907229423], "accuracy_lst_test": [0.9763, 0.976, 0.9765, 0.9763, 0.9762, 0.9758, 0.9757, 0.9757, 0.9755, 0.9757, 0.9756, 0.9752, 0.9753, 0.9755, 0.9758, 0.9765, 0.9773, 0.9779, 0.9785, 0.9785, 0.9789, 0.9786, 0.979, 0.9791, 0.9793]}