{"dataset": "MNIST", "k1": 2, "k2": 3, "distance": 2.931199789047241, "alphas": [0.0, 0.0416666679084301, 0.0833333358168602, 0.125, 0.1666666716337204, 0.2083333432674408, 0.25, 0.2916666865348816, 0.3333333432674408, 0.375, 0.4166666865348816, 0.4583333432674408, 0.5, 0.5416666269302368, 0.5833333134651184, 0.625, 0.6666666269302368, 0.7083333134651184, 0.75, 0.7916666865348816, 0.8333333134651184, 0.875, 0.9166666865348816, 0.9583333134651184, 1.0], "losses_train": [0.0466263572126627, 0.044855646421201524, 0.04330601502675563, 0.041980148358270526, 0.04083223931491375, 0.039884677100926635, 0.03908925083931535, 0.03845577188301832, 0.0379672767710872, 0.03764142383821309, 0.03742342180106789, 0.03731934362323955, 0.037332956867758185, 0.03748503031907603, 0.037755596176721154, 0.03813453081529587, 0.038630126654170455, 0.03927761843893677, 0.040061756339855495, 0.04098469560034573, 0.04206256182864308, 0.04329748853109777, 0.04470536995213479, 0.046307625463232395, 0.048088587853126225], "accuracy_lst_train": [0.98625, 0.9871875, 0.9878125, 0.9875, 0.98875, 0.9890625, 0.99, 0.99, 0.9903125, 0.9903125, 0.9903125, 0.99125, 0.990625, 0.990625, 0.9903125, 0.99, 0.9896875, 0.9896875, 0.99, 0.989375, 0.98875, 0.988125, 0.9875, 0.9871875, 0.986875], "losses_test": [0.06019312365911901, 0.058093325067311526, 0.05632016732357442, 0.05484195638448, 0.05363510597497225, 0.05268752525560558, 0.05198796976357698, 0.05153756122104824, 0.05128416906110942, 0.05122083897702396, 0.05133882350288332, 0.051614650785923005, 0.05206423544324935, 0.05267659294418991, 0.053440714171156284, 0.05434735528193414, 0.05544487962499261, 0.05676030690781772, 0.058275017626583575, 0.060008369032293556, 0.06195173038169741, 0.06411310330964624, 0.06653788728639483, 0.06923912812024355, 0.07222161951474845], "accuracy_lst_test": [0.9803125, 0.98125, 0.9821875, 0.981875, 0.981875, 0.9825, 0.9825, 0.9828125, 0.98125, 0.981875, 0.981875, 0.9815625, 0.9809375, 0.98125, 0.9815625, 0.98125, 0.980625, 0.98, 0.9796875, 0.9784375, 0.9784375, 0.976875, 0.97625, 0.9759375, 0.9746875]}