{"dataset": "MNIST", "k1": 0, "k2": 4, "distance": 12.368573188781738, "alphas": [0.0, 0.0416666679084301, 0.0833333358168602, 0.125, 0.1666666716337204, 0.2083333432674408, 0.25, 0.2916666865348816, 0.3333333432674408, 0.375, 0.4166666865348816, 0.4583333432674408, 0.5, 0.5416666269302368, 0.5833333134651184, 0.625, 0.6666666269302368, 0.7083333134651184, 0.75, 0.7916666865348816, 0.8333333134651184, 0.875, 0.9166666865348816, 0.9583333134651184, 1.0], "losses_train": [0.037938819769769906, 0.03790086527820677, 0.03820474231150001, 0.038841067161411044, 0.03983248943462968, 0.041098375925794246, 0.04251430260017514, 0.043974163187667725, 0.045263515692204236, 0.046382880788296464, 0.04725993226282298, 0.04772133031859994, 0.04777447612956166, 0.04739409976638854, 0.046567547414451835, 0.04544886888004839, 0.044245551154017446, 0.04289997595362365, 0.041472407653927804, 0.0400830856198445, 0.0387103166943416, 0.037526121686678376, 0.03673780666431412, 0.036346972826868294, 0.03644968424458057], "accuracy_lst_train": [0.989375, 0.9890625, 0.9884375, 0.98875, 0.9890625, 0.988125, 0.9871875, 0.9871875, 0.986875, 0.98625, 0.9859375, 0.9859375, 0.9865625, 0.9865625, 0.9865625, 0.9878125, 0.9884375, 0.9890625, 0.9896875, 0.9903125, 0.9903125, 0.99125, 0.991875, 0.9921875, 0.9909375], "losses_test": [0.05850087412633002, 0.05917208266444504, 0.060126679632812735, 0.06126843328587711, 0.06261256446130574, 0.06415154300630092, 0.06570604460313917, 0.06729580415412784, 0.06878380568698049, 0.07020659431815147, 0.07156214840710164, 0.07242316197603942, 0.07266409350559115, 0.0725063655525446, 0.07172419158741832, 0.07048160724341869, 0.06899061661213636, 0.06737942073494196, 0.06594086792320013, 0.06460377802141011, 0.06360249729827046, 0.06299602872692049, 0.06284471260383725, 0.06325116230174899, 0.06428565680980683], "accuracy_lst_test": [0.9796875, 0.98, 0.9796875, 0.978125, 0.9784375, 0.978125, 0.978125, 0.978125, 0.97625, 0.976875, 0.9765625, 0.9753125, 0.975, 0.975, 0.9753125, 0.9753125, 0.9759375, 0.976875, 0.9775, 0.9784375, 0.9796875, 0.980625, 0.980625, 0.9803125, 0.98]}