{"dataset": "MNIST", "k1": 3, "k2": 9, "distance": 7.546889781951904, "alphas": [0.0, 0.0416666679084301, 0.0833333358168602, 0.125, 0.1666666716337204, 0.2083333432674408, 0.25, 0.2916666865348816, 0.3333333432674408, 0.375, 0.4166666865348816, 0.4583333432674408, 0.5, 0.5416666269302368, 0.5833333134651184, 0.625, 0.6666666269302368, 0.7083333134651184, 0.75, 0.7916666865348816, 0.8333333134651184, 0.875, 0.9166666865348816, 0.9583333134651184, 1.0], "losses_train": [0.02227513923542574, 0.02091846052207984, 0.019703333101933822, 0.018612598175532184, 0.017637725959648378, 0.016756294911028816, 0.015974941221647897, 0.015284493294311688, 0.014726908100419678, 0.014251447667484173, 0.013873817371786572, 0.013536885292269289, 0.01326378908008337, 0.013052880695904606, 0.012887496051262133, 0.012766164263011888, 0.01271516272739973, 0.012730464080232196, 0.012786830422119238, 0.012866575014777481, 0.01296695285011083, 0.013111987282172777, 0.013300885952776297, 0.013544978112913669, 0.013871305814245716], "accuracy_lst_train": [0.9925, 0.9921875, 0.993125, 0.9934375, 0.9934375, 0.99375, 0.99375, 0.9940625, 0.994375, 0.9946875, 0.995, 0.995, 0.995, 0.995, 0.995625, 0.995625, 0.995625, 0.995625, 0.995625, 0.995625, 0.995625, 0.995625, 0.9953125, 0.9953125, 0.995], "losses_test": [0.05766829705331475, 0.05539005100727081, 0.05332609502132982, 0.05146977323107421, 0.04975162047427148, 0.04814783541485667, 0.04667521079070866, 0.04536896050907671, 0.044183374806307255, 0.04313603547634557, 0.042283504528459165, 0.04154454456875101, 0.04091028575319797, 0.0404194147256203, 0.040000289215240625, 0.03964197087101638, 0.03937809144612402, 0.039219160687644035, 0.03920233723241836, 0.0393192895478569, 0.039540023987647145, 0.039865814733784644, 0.04038530768826604, 0.04110762734548189, 0.04198473735945299], "accuracy_lst_test": [0.980625, 0.98125, 0.98125, 0.981875, 0.9825, 0.9834375, 0.9846875, 0.985, 0.985625, 0.985625, 0.98625, 0.9871875, 0.9875, 0.9871875, 0.9871875, 0.9871875, 0.9865625, 0.986875, 0.9875, 0.988125, 0.988125, 0.9878125, 0.9871875, 0.9865625, 0.9853125]}