{"dataset": "MNIST", "k1": 1, "k2": 2, "distance": 2.7068374156951904, "alphas": [0.0, 0.0416666679084301, 0.0833333358168602, 0.125, 0.1666666716337204, 0.2083333432674408, 0.25, 0.2916666865348816, 0.3333333432674408, 0.375, 0.4166666865348816, 0.4583333432674408, 0.5, 0.5416666269302368, 0.5833333134651184, 0.625, 0.6666666269302368, 0.7083333134651184, 0.75, 0.7916666865348816, 0.8333333134651184, 0.875, 0.9166666865348816, 0.9583333134651184, 1.0], "losses_train": [0.057516058683395384, 0.05650234075263143, 0.05562252601608634, 0.05485273126512766, 0.0542169230338186, 0.05368503146804869, 0.0532988151255995, 0.05303159142844379, 0.05287613766267896, 0.052845656778663395, 0.05294276066124439, 0.0531887052860111, 0.05358606931753457, 0.05413371942006052, 0.05483898035250604, 0.055691492184996604, 0.056743904501199725, 0.05796341973356903, 0.059364133207127454, 0.06097002987749875, 0.06281963998451828, 0.06487461898475885, 0.06713020512834192, 0.0696495189704001, 0.07245827527716756], "accuracy_lst_train": [0.985, 0.9859375, 0.9859375, 0.9859375, 0.9859375, 0.9859375, 0.9859375, 0.9859375, 0.9853125, 0.9853125, 0.9853125, 0.985, 0.985625, 0.98625, 0.9859375, 0.985, 0.9853125, 0.985, 0.9853125, 0.98375, 0.9825, 0.9821875, 0.9815625, 0.980625, 0.980625], "losses_test": [0.07285616405308247, 0.07162077721208333, 0.07054616685956716, 0.06961142117157579, 0.06881704894825816, 0.06817537914961576, 0.06768379472196102, 0.06734748084098101, 0.06716211527585983, 0.06713994072750211, 0.06729474958032369, 0.06764361523091793, 0.06816439902409911, 0.06886586964130402, 0.06977555399760604, 0.0708718728274107, 0.07217960432171822, 0.07372104749083519, 0.07553164385259152, 0.07761800369247794, 0.07995083807036281, 0.08257174964994192, 0.08546670958399773, 0.08866368755698203, 0.09219000875949859], "accuracy_lst_test": [0.9784375, 0.978125, 0.978125, 0.97875, 0.9784375, 0.97875, 0.9790625, 0.9796875, 0.98, 0.979375, 0.979375, 0.97875, 0.9790625, 0.97875, 0.9771875, 0.9765625, 0.9765625, 0.9753125, 0.974375, 0.974375, 0.9725, 0.9715625, 0.971875, 0.9715625, 0.970625]}