{"dataset": "MNIST", "k1": 1, "k2": 7, "distance": 7.878749847412109, "alphas": [0.0, 0.0416666679084301, 0.0833333358168602, 0.125, 0.1666666716337204, 0.2083333432674408, 0.25, 0.2916666865348816, 0.3333333432674408, 0.375, 0.4166666865348816, 0.4583333432674408, 0.5, 0.5416666269302368, 0.5833333134651184, 0.625, 0.6666666269302368, 0.7083333134651184, 0.75, 0.7916666865348816, 0.8333333134651184, 0.875, 0.9166666865348816, 0.9583333134651184, 1.0], "losses_train": [0.01831669679377228, 0.017946509227040223, 0.017633091834723016, 0.01741558947658632, 0.017253723039175384, 0.01715053423191421, 0.01707915449049324, 0.017030180433648637, 0.017065672911703588, 0.01719022177217994, 0.017342759786406533, 0.01756248561432585, 0.017780352780246176, 0.018009437604341656, 0.01827242403058335, 0.01861617863585707, 0.019036627212772148, 0.01954042239289265, 0.020123506874078885, 0.020803537595202214, 0.02157936333853286, 0.022465520855621434, 0.02348521108040586, 0.024641775393392892, 0.025922907835338266], "accuracy_lst_train": [0.9940625, 0.99375, 0.9940625, 0.9940625, 0.9940625, 0.994375, 0.994375, 0.9946875, 0.9946875, 0.994375, 0.994375, 0.9940625, 0.994375, 0.99375, 0.99375, 0.9934375, 0.9925, 0.991875, 0.991875, 0.9921875, 0.991875, 0.991875, 0.99125, 0.9909375, 0.9903125], "losses_test": [0.04893319554394111, 0.047624148651957514, 0.0464959598146379, 0.045516061773523686, 0.044690853611100465, 0.04402453157119453, 0.043492160772439094, 0.04305456795496866, 0.04280821799300611, 0.04272414567647502, 0.04274899540701881, 0.042913349324371665, 0.0432386291900184, 0.0437314400554169, 0.0443453324015718, 0.04508897238294594, 0.045953393497038635, 0.04699955809861422, 0.048196599528891965, 0.04956661553820595, 0.05114190040621906, 0.05291225293767639, 0.054915068335831166, 0.05720495910267345, 0.059795189441647384], "accuracy_lst_test": [0.981875, 0.9828125, 0.9840625, 0.984375, 0.9840625, 0.9846875, 0.984375, 0.9846875, 0.9840625, 0.985, 0.985, 0.984375, 0.98375, 0.9840625, 0.983125, 0.9828125, 0.9825, 0.9834375, 0.983125, 0.9828125, 0.981875, 0.9815625, 0.980625, 0.9803125, 0.979375]}