{"dataset": "MNIST", "k1": 7, "k2": 10, "distance": 0.4113551080226898, "alphas": [0.0, 0.0416666679084301, 0.0833333358168602, 0.125, 0.1666666716337204, 0.2083333432674408, 0.25, 0.2916666865348816, 0.3333333432674408, 0.375, 0.4166666865348816, 0.4583333432674408, 0.5, 0.5416666269302368, 0.5833333134651184, 0.625, 0.6666666269302368, 0.7083333134651184, 0.75, 0.7916666865348816, 0.8333333134651184, 0.875, 0.9166666865348816, 0.9583333134651184, 1.0], "losses_train": [0.06536474712193012, 0.06463674411177635, 0.06396237567067146, 0.06334000378847122, 0.0627686296403408, 0.06224692441523075, 0.06177360787987709, 0.06134838998317718, 0.06097051538527012, 0.06063991233706474, 0.06035577081143856, 0.06011864006519318, 0.059928403347730634, 0.05978509053587913, 0.059687977358698845, 0.0596364364027977, 0.05963100969791412, 0.05967279575765133, 0.05976281642913819, 0.05990116946399212, 0.06008848562836647, 0.060324873477220535, 0.06061180390417576, 0.06095134921371937, 0.06134567193686962], "accuracy_lst_train": [0.98, 0.980234375, 0.98037109375, 0.9806640625, 0.9808203125, 0.9812109375, 0.98150390625, 0.9816796875, 0.981796875, 0.9818359375, 0.981875, 0.9819921875, 0.98216796875, 0.9823046875, 0.98234375, 0.98232421875, 0.98212890625, 0.98193359375, 0.98189453125, 0.981875, 0.981796875, 0.98181640625, 0.98162109375, 0.981640625, 0.98162109375], "losses_test": [0.05745629367828369, 0.05687615338563919, 0.056336127561330794, 0.055836854869127275, 0.05537683039903641, 0.05495430895686149, 0.05456776481866837, 0.054219696182012556, 0.05390800030827522, 0.0536342739880085, 0.05339785522818565, 0.053198879981040954, 0.05303812071681022, 0.05291531472802162, 0.05282945181131363, 0.05278201094865799, 0.052770922517776486, 0.052795561170578, 0.05285921733379364, 0.0529654600918293, 0.053116183418035506, 0.05331148017048836, 0.053551331269741057, 0.053835424387454985, 0.05416846200227737], "accuracy_lst_test": [0.9818, 0.982, 0.9821, 0.9823, 0.9825, 0.9825, 0.9825, 0.9825, 0.9823, 0.9825, 0.9825, 0.9828, 0.9829, 0.9831, 0.9832, 0.9832, 0.983, 0.9832, 0.9833, 0.9832, 0.983, 0.9827, 0.9825, 0.9819, 0.982]}