{"dataset": "MNIST", "k1": 0, "k2": 7, "distance": 16.972143173217773, "alphas": [0.0, 0.0416666679084301, 0.0833333358168602, 0.125, 0.1666666716337204, 0.2083333432674408, 0.25, 0.2916666865348816, 0.3333333432674408, 0.375, 0.4166666865348816, 0.4583333432674408, 0.5, 0.5416666269302368, 0.5833333134651184, 0.625, 0.6666666269302368, 0.7083333134651184, 0.75, 0.7916666865348816, 0.8333333134651184, 0.875, 0.9166666865348816, 0.9583333134651184, 1.0], "losses_train": [0.02434152276138775, 0.023845690201269462, 0.02394429863197729, 0.024573852607281878, 0.0255343955848366, 0.02673768049804494, 0.027997154206968845, 0.0293210425414145, 0.030564251667819918, 0.031568895615637305, 0.03228156623896211, 0.0324737621890381, 0.032281248541548846, 0.03160994385369122, 0.03050414935685694, 0.029082087422721087, 0.027438707454130053, 0.025831762133166195, 0.024421346951276065, 0.023354249862022697, 0.02264653824851848, 0.022450167996576054, 0.022854514330392702, 0.02391272327164188, 0.025922907835338266], "accuracy_lst_train": [0.991875, 0.9915625, 0.9915625, 0.991875, 0.99125, 0.99125, 0.990625, 0.990625, 0.99, 0.9896875, 0.9896875, 0.9896875, 0.990625, 0.990625, 0.9915625, 0.9915625, 0.991875, 0.9921875, 0.9925, 0.9925, 0.9925, 0.991875, 0.991875, 0.99125, 0.9903125], "losses_test": [0.05496208456810564, 0.05233556452905759, 0.05070350207388401, 0.0498456871882081, 0.04961607884149998, 0.049787889178842304, 0.05029943123459816, 0.0507893156632781, 0.05106652462854981, 0.05109915976412594, 0.05097731091082096, 0.05060801167041063, 0.04986576643772423, 0.04874858487397432, 0.04751186778768897, 0.04626872530207038, 0.045216673705726865, 0.04450755657628178, 0.04410522357560694, 0.04418085833545774, 0.04492242329986766, 0.04661345773376525, 0.049441529506584626, 0.05367494039237499, 0.059795189441647384], "accuracy_lst_test": [0.9828125, 0.983125, 0.9825, 0.9840625, 0.9828125, 0.9840625, 0.98375, 0.9840625, 0.98375, 0.98375, 0.984375, 0.985, 0.9853125, 0.9865625, 0.9875, 0.9871875, 0.98625, 0.9865625, 0.98625, 0.985625, 0.9846875, 0.983125, 0.9828125, 0.9809375, 0.979375]}