{"dataset": "MNIST", "k1": 5, "k2": 6, "distance": 3.6646416187286377, "alphas": [0.0, 0.0416666679084301, 0.0833333358168602, 0.125, 0.1666666716337204, 0.2083333432674408, 0.25, 0.2916666865348816, 0.3333333432674408, 0.375, 0.4166666865348816, 0.4583333432674408, 0.5, 0.5416666269302368, 0.5833333134651184, 0.625, 0.6666666269302368, 0.7083333134651184, 0.75, 0.7916666865348816, 0.8333333134651184, 0.875, 0.9166666865348816, 0.9583333134651184, 1.0], "losses_train": [0.02322762805968523, 0.022277596557978542, 0.021470057968981562, 0.02078355092322454, 0.020187871837988494, 0.019680924835847692, 0.01926336115342565, 0.01892598468926735, 0.018669055798090993, 0.018469948827987536, 0.018356023441301658, 0.018329556290991603, 0.018387167188338934, 0.0185142259625718, 0.01874310868093744, 0.019088020788040012, 0.019553634840995072, 0.020140278085600583, 0.02085348474327475, 0.02172318004304543, 0.02277306081727147, 0.024031613189727068, 0.025489442986436187, 0.027174024924170224, 0.029122405255911872], "accuracy_lst_train": [0.9925, 0.9928125, 0.9928125, 0.9928125, 0.99375, 0.9940625, 0.9940625, 0.994375, 0.994375, 0.9940625, 0.9946875, 0.9946875, 0.9946875, 0.9940625, 0.9940625, 0.9940625, 0.99375, 0.9934375, 0.9934375, 0.993125, 0.9928125, 0.991875, 0.9915625, 0.990625, 0.99], "losses_test": [0.06175365045201033, 0.05927288842387497, 0.05696315679699183, 0.054815347590483725, 0.052855115439742806, 0.051085192649625244, 0.04952091888058931, 0.04814308666158468, 0.04695443920325488, 0.04595950867049396, 0.04513762546703219, 0.04450685850111768, 0.044061242686584595, 0.04376668334705755, 0.04366590189514682, 0.04376393490470946, 0.044033147711306814, 0.044544303347356616, 0.0452977375802584, 0.04626119712367654, 0.0474321467243135, 0.048835145910270515, 0.05047060162294656, 0.05239781075622887, 0.05460724782198668], "accuracy_lst_test": [0.9809375, 0.98125, 0.9825, 0.983125, 0.98375, 0.9853125, 0.985625, 0.98625, 0.9865625, 0.98625, 0.9865625, 0.9865625, 0.9875, 0.986875, 0.9865625, 0.98625, 0.9859375, 0.985, 0.9846875, 0.9840625, 0.98375, 0.9828125, 0.9828125, 0.9825, 0.9821875]}