{"dataset": "MNIST", "k1": 1, "k2": 8, "distance": 8.890519142150879, "alphas": [0.0, 0.0416666679084301, 0.0833333358168602, 0.125, 0.1666666716337204, 0.2083333432674408, 0.25, 0.2916666865348816, 0.3333333432674408, 0.375, 0.4166666865348816, 0.4583333432674408, 0.5, 0.5416666269302368, 0.5833333134651184, 0.625, 0.6666666269302368, 0.7083333134651184, 0.75, 0.7916666865348816, 0.8333333134651184, 0.875, 0.9166666865348816, 0.9583333134651184, 1.0], "losses_train": [0.01892592034069821, 0.018028949617873876, 0.017256441480712967, 0.016578864043112845, 0.015991328579839318, 0.015493238380877301, 0.015054123791633173, 0.014683184758760036, 0.014393865206511692, 0.014148605380905793, 0.013970624397043139, 0.013825682967435568, 0.013710561613552273, 0.01364847136195749, 0.013653860532213003, 0.01370696447789669, 0.01379806537181139, 0.013958535825368016, 0.014197989744134247, 0.014525253711035475, 0.01495636894949712, 0.015466951007256284, 0.016090536129195244, 0.016827692033257336, 0.01764080537483096], "accuracy_lst_train": [0.99375, 0.9934375, 0.99375, 0.99375, 0.9940625, 0.9940625, 0.9946875, 0.9946875, 0.9953125, 0.995625, 0.995625, 0.995625, 0.995625, 0.9959375, 0.9959375, 0.9959375, 0.9959375, 0.99625, 0.9965625, 0.9959375, 0.9959375, 0.995625, 0.995, 0.9946875, 0.9940625], "losses_test": [0.05100724330171943, 0.04932162686716765, 0.047782681109383704, 0.04641840809956193, 0.04522172558121383, 0.04415114540606737, 0.043205711487680674, 0.042431607944890856, 0.04180543588707224, 0.04136638224357739, 0.04107743307482451, 0.040847714422270656, 0.04074414963601157, 0.04073548416607082, 0.04084535490954295, 0.0411285993992351, 0.04157097479328513, 0.04218068626709282, 0.042920259761158375, 0.04377739732153714, 0.044763442107941954, 0.04590038455091417, 0.04722210073145106, 0.04876378168119118, 0.05052710790652782], "accuracy_lst_test": [0.985, 0.985, 0.9846875, 0.9853125, 0.9865625, 0.986875, 0.986875, 0.9865625, 0.9865625, 0.9871875, 0.9875, 0.9884375, 0.9875, 0.9875, 0.9871875, 0.986875, 0.986875, 0.9865625, 0.9853125, 0.985, 0.984375, 0.9840625, 0.984375, 0.98375, 0.9834375]}