{"dataset": "MNIST", "k1": 0, "k2": 9, "distance": 4.62296724319458, "alphas": [0.0, 0.0416666679084301, 0.0833333358168602, 0.125, 0.1666666716337204, 0.2083333432674408, 0.25, 0.2916666865348816, 0.3333333432674408, 0.375, 0.4166666865348816, 0.4583333432674408, 0.5, 0.5416666269302368, 0.5833333134651184, 0.625, 0.6666666269302368, 0.7083333134651184, 0.75, 0.7916666865348816, 0.8333333134651184, 0.875, 0.9166666865348816, 0.9583333134651184, 1.0], "losses_train": [0.06496895208954812, 0.0653683315962553, 0.06599247895181179, 0.06679244630038739, 0.06773476235568524, 0.06876611702144146, 0.0698323991894722, 0.07084110409021377, 0.07171734139323234, 0.07241670228540897, 0.07291986458003522, 0.0732269737124443, 0.07332095421850682, 0.07321195922791958, 0.0728978618234396, 0.07245237216353416, 0.0719218173623085, 0.07133939452469348, 0.07073990672826767, 0.07022963955998421, 0.0698491645604372, 0.06963865526020527, 0.06959926895797253, 0.06976462721824646, 0.07016193822026252], "accuracy_lst_train": [0.98046875, 0.9803515625, 0.98046875, 0.9801171875, 0.98013671875, 0.97974609375, 0.97958984375, 0.979453125, 0.9789453125, 0.9787109375, 0.9783984375, 0.97822265625, 0.97828125, 0.9782421875, 0.97826171875, 0.9784375, 0.97849609375, 0.978671875, 0.978671875, 0.97873046875, 0.9788671875, 0.97912109375, 0.978984375, 0.978828125, 0.9785546875], "losses_test": [0.05753815813064575, 0.05775109753012657, 0.0581819054543972, 0.05878657188415527, 0.059549865806102754, 0.060410776722431184, 0.06129426937699318, 0.062123030817508695, 0.06282868910431862, 0.06338609017729759, 0.06379596034288407, 0.06405889357328415, 0.06419201266765595, 0.06419149101376534, 0.06405545910000801, 0.06377467284202576, 0.06334247907996178, 0.06282135654687881, 0.06231068006157875, 0.06189044734835625, 0.061576356554031375, 0.061424541980028155, 0.0614371153652668, 0.06162090061306953, 0.061983923864364625], "accuracy_lst_test": [0.9808, 0.9805, 0.9804, 0.9802, 0.9802, 0.9799, 0.9795, 0.9791, 0.9791, 0.9793, 0.9789, 0.9789, 0.979, 0.9791, 0.9794, 0.98, 0.9798, 0.9797, 0.98, 0.9801, 0.9801, 0.9801, 0.9801, 0.9804, 0.9801]}