{"dataset": "MNIST", "k1": 0, "k2": 1, "distance": 2.0229122638702393, "alphas": [0.0, 0.0416666679084301, 0.0833333358168602, 0.125, 0.1666666716337204, 0.2083333432674408, 0.25, 0.2916666865348816, 0.3333333432674408, 0.375, 0.4166666865348816, 0.4583333432674408, 0.5, 0.5416666269302368, 0.5833333134651184, 0.625, 0.6666666269302368, 0.7083333134651184, 0.75, 0.7916666865348816, 0.8333333134651184, 0.875, 0.9166666865348816, 0.9583333134651184, 1.0], "losses_train": [0.4168031048774719, 0.4167096471786499, 0.4173871493339539, 0.4187392175197601, 0.42069089591503145, 0.4231578654050827, 0.42599800407886507, 0.42898575246334075, 0.4319789755344391, 0.43494975864887236, 0.43782291293144227, 0.44038060247898103, 0.4423596823215485, 0.4435229939222336, 0.44371051907539366, 0.4428513789176941, 0.44121689081192017, 0.439141788482666, 0.43679369390010836, 0.4344844603538513, 0.43249403953552246, 0.4309348714351654, 0.4298980212211609, 0.42946729838848113, 0.4297015064954758], "accuracy_lst_train": [0.8778515625, 0.87865234375, 0.87806640625, 0.8776171875, 0.87669921875, 0.87576171875, 0.87498046875, 0.87369140625, 0.87279296875, 0.8714453125, 0.86982421875, 0.8687890625, 0.86771484375, 0.86724609375, 0.86703125, 0.867265625, 0.868125, 0.869140625, 0.87017578125, 0.8711328125, 0.87208984375, 0.87263671875, 0.8730859375, 0.8733203125, 0.87287109375], "losses_test": [0.39065555362701415, 0.39075543146133423, 0.39152869477272034, 0.39289582424163816, 0.39481035385131835, 0.39719091300964354, 0.3998947524547577, 0.40282250080108645, 0.40580259351730347, 0.4087713215351105, 0.4116121755123138, 0.414079398393631, 0.416018100643158, 0.4171936897277832, 0.41743462982177737, 0.416709183883667, 0.41510296273231506, 0.41288378329277037, 0.41029426827430726, 0.40778188705444335, 0.4056478552341461, 0.40395479869842527, 0.402804030752182, 0.4022684070110321, 0.40239836325645445], "accuracy_lst_test": [0.8874, 0.8879, 0.8893, 0.8883, 0.889, 0.8896, 0.8897, 0.8883, 0.8874, 0.8872, 0.8855, 0.8846, 0.8832, 0.8822, 0.8819, 0.8828, 0.8831, 0.8838, 0.8849, 0.8857, 0.8861, 0.8862, 0.8866, 0.8861, 0.8855]}