{"dataset": "MNIST", "k1": 7, "k2": 8, "distance": 3.6980221271514893, "alphas": [0.0, 0.0416666679084301, 0.0833333358168602, 0.125, 0.1666666716337204, 0.2083333432674408, 0.25, 0.2916666865348816, 0.3333333432674408, 0.375, 0.4166666865348816, 0.4583333432674408, 0.5, 0.5416666269302368, 0.5833333134651184, 0.625, 0.6666666269302368, 0.7083333134651184, 0.75, 0.7916666865348816, 0.8333333134651184, 0.875, 0.9166666865348816, 0.9583333134651184, 1.0], "losses_train": [0.01847658214333933, 0.017455040699569508, 0.016556575636495836, 0.01574749484017957, 0.015025122887454927, 0.014413328770315275, 0.013899710037512704, 0.013484985136892646, 0.013157978415256366, 0.012914299240801484, 0.012761848293012008, 0.01270444631227292, 0.01270757538615726, 0.012774456295883283, 0.01293394405161962, 0.013160999184474349, 0.013445168500766158, 0.013755378754576669, 0.014113199991406873, 0.014530624153558165, 0.015017152341315523, 0.015555118531920016, 0.016174450544640423, 0.016871464810101315, 0.01764080537483096], "accuracy_lst_train": [0.99375, 0.99375, 0.994375, 0.994375, 0.9946875, 0.995, 0.995, 0.9946875, 0.9953125, 0.9953125, 0.9953125, 0.995, 0.9953125, 0.9953125, 0.9953125, 0.995625, 0.9953125, 0.9953125, 0.9953125, 0.995625, 0.995625, 0.9953125, 0.9946875, 0.994375, 0.9940625], "losses_test": [0.041146681364625695, 0.040492006202694025, 0.03993836046662182, 0.03947644054540433, 0.03909065264044329, 0.038798060256522146, 0.03859485852299258, 0.03846263739746064, 0.03842368017532863, 0.03849152738461271, 0.038666347187245265, 0.03890326888184063, 0.039225085637299345, 0.03960988091188483, 0.04009055464994162, 0.04063306862022728, 0.0412782509252429, 0.04199727681698277, 0.04279062099056318, 0.043699671651702375, 0.04471515431301668, 0.04590015791123733, 0.04728027472505346, 0.04883873944869265, 0.05052710790652782], "accuracy_lst_test": [0.9865625, 0.9865625, 0.9871875, 0.9878125, 0.9878125, 0.9878125, 0.9878125, 0.9878125, 0.9878125, 0.9878125, 0.9875, 0.9875, 0.9878125, 0.9878125, 0.9878125, 0.9871875, 0.9875, 0.9875, 0.9865625, 0.98625, 0.9859375, 0.985625, 0.985, 0.9846875, 0.9834375]}