{"dataset": "MNIST", "k1": 3, "k2": 7, "distance": 5.810657978057861, "alphas": [0.0, 0.0416666679084301, 0.0833333358168602, 0.125, 0.1666666716337204, 0.2083333432674408, 0.25, 0.2916666865348816, 0.3333333432674408, 0.375, 0.4166666865348816, 0.4583333432674408, 0.5, 0.5416666269302368, 0.5833333134651184, 0.625, 0.6666666269302368, 0.7083333134651184, 0.75, 0.7916666865348816, 0.8333333134651184, 0.875, 0.9166666865348816, 0.9583333134651184, 1.0], "losses_train": [0.02202963615185581, 0.02091640784521587, 0.01998611590999644, 0.019186862282222137, 0.018470783587545156, 0.017850593540351838, 0.017362543456256388, 0.016978357206098735, 0.016678548561758363, 0.016485813070321455, 0.016376209314912557, 0.016328814347507433, 0.016414531233604066, 0.016564643334713764, 0.016813160453457387, 0.017158335989224723, 0.0176005086384248, 0.01815668384428136, 0.018823971683741548, 0.019610002894769423, 0.0205277817172464, 0.02159505878284108, 0.022835350192617624, 0.024263584801810793, 0.025922907835338266], "accuracy_lst_train": [0.991875, 0.991875, 0.9928125, 0.993125, 0.9934375, 0.99375, 0.9940625, 0.99375, 0.9946875, 0.994375, 0.994375, 0.994375, 0.99375, 0.99375, 0.99375, 0.9934375, 0.9934375, 0.993125, 0.9928125, 0.9921875, 0.991875, 0.9921875, 0.991875, 0.99125, 0.9903125], "losses_test": [0.0639459722302854, 0.06104108305647969, 0.05847116136457771, 0.05616457262076437, 0.05409731643041596, 0.05222687272820622, 0.050559283955954014, 0.04912487365072593, 0.04792500802432187, 0.046936261657392606, 0.04610615828074515, 0.0454660379991401, 0.045000351971248166, 0.044736829932080585, 0.04469092088635079, 0.04488723996677436, 0.04536065663560294, 0.0460694688919466, 0.04706955964793451, 0.048367923356126996, 0.04995755604933947, 0.051857617789646614, 0.05410741169936955, 0.05674038159195334, 0.059795189441647384], "accuracy_lst_test": [0.98125, 0.9821875, 0.981875, 0.9825, 0.9834375, 0.9834375, 0.983125, 0.98375, 0.98375, 0.984375, 0.984375, 0.9846875, 0.98375, 0.9840625, 0.9840625, 0.98375, 0.984375, 0.98375, 0.9840625, 0.983125, 0.983125, 0.9821875, 0.9815625, 0.980625, 0.979375]}