{"dataset": "MNIST", "k1": 5, "k2": 8, "distance": 5.608804702758789, "alphas": [0.0, 0.0416666679084301, 0.0833333358168602, 0.125, 0.1666666716337204, 0.2083333432674408, 0.25, 0.2916666865348816, 0.3333333432674408, 0.375, 0.4166666865348816, 0.4583333432674408, 0.5, 0.5416666269302368, 0.5833333134651184, 0.625, 0.6666666269302368, 0.7083333134651184, 0.75, 0.7916666865348816, 0.8333333134651184, 0.875, 0.9166666865348816, 0.9583333134651184, 1.0], "losses_train": [0.01749217797187157, 0.01663307765207719, 0.015925511266104878, 0.015321275393944234, 0.01482169198046904, 0.014387158974423074, 0.014013905505416915, 0.013724342918139882, 0.013494595265947283, 0.013321184512460605, 0.013210108156781643, 0.013143905317410826, 0.013117188980104402, 0.013121748063713311, 0.013175506675615907, 0.013273308908101172, 0.013431641423376278, 0.013665395457064734, 0.013979265738744289, 0.014353551585227251, 0.014822384108556434, 0.01539325961493887, 0.016041452374774962, 0.01678514848346822, 0.01764080537483096], "accuracy_lst_train": [0.9940625, 0.9940625, 0.9946875, 0.9946875, 0.9946875, 0.995, 0.9953125, 0.9953125, 0.9953125, 0.9953125, 0.9953125, 0.9953125, 0.9953125, 0.9953125, 0.9953125, 0.9953125, 0.995625, 0.9959375, 0.995625, 0.995625, 0.9953125, 0.995, 0.994375, 0.994375, 0.9940625], "losses_test": [0.05099716076627374, 0.04955195488408208, 0.04826355989091098, 0.047144662253558636, 0.04618746035732329, 0.04537032036110759, 0.04472289232071489, 0.04417934267083183, 0.04374179917620495, 0.04340388785582036, 0.043126564994454386, 0.042938495308626444, 0.042829900595825164, 0.04281886140350252, 0.04290935314027593, 0.04311605161987245, 0.043435609529260545, 0.04390409503830597, 0.044456047955900434, 0.0451393573358655, 0.04595427840948105, 0.046852576353121546, 0.04789511979324743, 0.04913551553618163, 0.05052710790652782], "accuracy_lst_test": [0.984375, 0.984375, 0.9853125, 0.985, 0.9853125, 0.9859375, 0.985625, 0.986875, 0.9878125, 0.9875, 0.9871875, 0.9875, 0.9878125, 0.9878125, 0.9875, 0.9871875, 0.9865625, 0.986875, 0.9865625, 0.9865625, 0.9859375, 0.985625, 0.9853125, 0.9840625, 0.9834375]}