{"dataset": "MNIST", "k1": 0, "k2": 3, "distance": 10.802441596984863, "alphas": [0.0, 0.0416666679084301, 0.0833333358168602, 0.125, 0.1666666716337204, 0.2083333432674408, 0.25, 0.2916666865348816, 0.3333333432674408, 0.375, 0.4166666865348816, 0.4583333432674408, 0.5, 0.5416666269302368, 0.5833333134651184, 0.625, 0.6666666269302368, 0.7083333134651184, 0.75, 0.7916666865348816, 0.8333333134651184, 0.875, 0.9166666865348816, 0.9583333134651184, 1.0], "losses_train": [0.03959122830070555, 0.038825773051939905, 0.0385129544371739, 0.038678015652112666, 0.03915692475624383, 0.04010257018730044, 0.04134143594652415, 0.04279391865245998, 0.044242635117843744, 0.04552801214158535, 0.04659337993711233, 0.047348449416458604, 0.04777106190100312, 0.04785451665520668, 0.04762979106977582, 0.047086319532245395, 0.04649758083745837, 0.04593360158614814, 0.0452838087733835, 0.04475380230695009, 0.04453470746986568, 0.04465502855367959, 0.04525180116761476, 0.0463729812996462, 0.048088587853126225], "accuracy_lst_train": [0.9884375, 0.9890625, 0.9878125, 0.9878125, 0.9884375, 0.9878125, 0.9871875, 0.9878125, 0.9871875, 0.9878125, 0.9875, 0.986875, 0.986875, 0.986875, 0.9871875, 0.9871875, 0.9875, 0.9875, 0.988125, 0.988125, 0.988125, 0.988125, 0.9875, 0.986875, 0.986875], "losses_test": [0.06306223649531603, 0.06129748617298901, 0.06018368589691818, 0.0597299475222826, 0.0598148232139647, 0.060339233558624986, 0.06128283748403192, 0.06245871517807245, 0.06380814855918288, 0.06519479252398014, 0.06648231036961079, 0.067445273026824, 0.0681074227951467, 0.06832847090438009, 0.06815673507750035, 0.06771329930052161, 0.06721661418676377, 0.06671657472848892, 0.06621791819110513, 0.06589029328897596, 0.06581085383892059, 0.06616316620260478, 0.06727102233096957, 0.0692273996770382, 0.07222161951474845], "accuracy_lst_test": [0.9796875, 0.9803125, 0.9815625, 0.980625, 0.9790625, 0.9803125, 0.9809375, 0.9803125, 0.98, 0.980625, 0.980625, 0.9803125, 0.979375, 0.9790625, 0.9796875, 0.9784375, 0.97875, 0.9796875, 0.9790625, 0.979375, 0.9784375, 0.9771875, 0.9765625, 0.9753125, 0.9746875]}