{"dataset": "MNIST", "k1": 7, "k2": 8, "distance": 0.2238444983959198, "alphas": [0.0, 0.0416666679084301, 0.0833333358168602, 0.125, 0.1666666716337204, 0.2083333432674408, 0.25, 0.2916666865348816, 0.3333333432674408, 0.375, 0.4166666865348816, 0.4583333432674408, 0.5, 0.5416666269302368, 0.5833333134651184, 0.625, 0.6666666269302368, 0.7083333134651184, 0.75, 0.7916666865348816, 0.8333333134651184, 0.875, 0.9166666865348816, 0.9583333134651184, 1.0], "losses_train": [0.08327905870974064, 0.0821415639668703, 0.08109669394791126, 0.08014448255300521, 0.07928324572741985, 0.07851103112101555, 0.07782630890607833, 0.07722957849502564, 0.07671947836875916, 0.0762950124591589, 0.07595468610525132, 0.07569841690361499, 0.07552588626742363, 0.0754366710782051, 0.075430993065238, 0.0755092976987362, 0.07567333616316319, 0.0759237314015627, 0.07625977240502835, 0.0766825257241726, 0.07719253353774548, 0.07779025830328465, 0.07847628436982632, 0.07925304770469666, 0.08012183874845505], "accuracy_lst_train": [0.9743359375, 0.97482421875, 0.97505859375, 0.97560546875, 0.97568359375, 0.97580078125, 0.976015625, 0.97611328125, 0.97615234375, 0.97650390625, 0.9767578125, 0.97681640625, 0.9769140625, 0.97677734375, 0.977109375, 0.97712890625, 0.97716796875, 0.977109375, 0.97681640625, 0.97654296875, 0.97619140625, 0.97615234375, 0.9759375, 0.9755078125, 0.97541015625], "losses_test": [0.07106933834552764, 0.0701259671330452, 0.06926416006088257, 0.06848480166196823, 0.06778706631660461, 0.06717252025604248, 0.06664082717895507, 0.06618779398202897, 0.06581202093362808, 0.06551413006782532, 0.06529477667808532, 0.06515307437181472, 0.0650893130838871, 0.06510324034690856, 0.06519168847203255, 0.06535630791783333, 0.06559799748659134, 0.06591604111790657, 0.06631167324781417, 0.0667845261156559, 0.06733540514707566, 0.06796607335805893, 0.06867992452979088, 0.0694773979306221, 0.07035751907229423], "accuracy_lst_test": [0.9778, 0.9779, 0.9779, 0.9781, 0.9781, 0.9781, 0.9782, 0.9784, 0.9789, 0.9787, 0.9796, 0.9793, 0.9794, 0.9797, 0.9791, 0.9794, 0.9796, 0.9795, 0.9796, 0.9795, 0.9793, 0.9793, 0.9792, 0.9793, 0.9793]}