{"dataset": "MNIST", "k1": 0, "k2": 6, "distance": 15.50114917755127, "alphas": [0.0, 0.0416666679084301, 0.0833333358168602, 0.125, 0.1666666716337204, 0.2083333432674408, 0.25, 0.2916666865348816, 0.3333333432674408, 0.375, 0.4166666865348816, 0.4583333432674408, 0.5, 0.5416666269302368, 0.5833333134651184, 0.625, 0.6666666269302368, 0.7083333134651184, 0.75, 0.7916666865348816, 0.8333333134651184, 0.875, 0.9166666865348816, 0.9583333134651184, 1.0], "losses_train": [0.0234525183273945, 0.022416206911439075, 0.022124589300947264, 0.022335140738869087, 0.022952871436718852, 0.023995434450916946, 0.025328763369470833, 0.02685348252300173, 0.028493018173612654, 0.030128364441916345, 0.03147146038711071, 0.032382938032969835, 0.03290461043361574, 0.033112805080600084, 0.032975640753284095, 0.03250313686206937, 0.03166083817370236, 0.03056067066267133, 0.029495106395334005, 0.028605927834287285, 0.02799521076027304, 0.027755331159569324, 0.02777270447695628, 0.028171710409224032, 0.029122405255911872], "accuracy_lst_train": [0.9928125, 0.993125, 0.9928125, 0.9934375, 0.9934375, 0.9934375, 0.9925, 0.9915625, 0.991875, 0.991875, 0.991875, 0.9915625, 0.9909375, 0.9909375, 0.9896875, 0.9896875, 0.9903125, 0.990625, 0.990625, 0.9903125, 0.9903125, 0.990625, 0.9903125, 0.99, 0.99], "losses_test": [0.053637186062987896, 0.05157827840652317, 0.05024141059722751, 0.04952233036980033, 0.04954599954653531, 0.05000115256756544, 0.05083128480706364, 0.05192969439085573, 0.05327889474108815, 0.05472310591489077, 0.056012071454897526, 0.05692776426672935, 0.05721422618255019, 0.0570995126850903, 0.05659825191833079, 0.05572727271355689, 0.054716121153905985, 0.05375251924619079, 0.05290905609726906, 0.052096220320090654, 0.05161316440440714, 0.0514534480124712, 0.05189220078289509, 0.05295968305785209, 0.05460724782198668], "accuracy_lst_test": [0.9815625, 0.983125, 0.9828125, 0.98375, 0.9846875, 0.9834375, 0.98375, 0.98375, 0.98375, 0.983125, 0.9828125, 0.983125, 0.981875, 0.9825, 0.9821875, 0.9828125, 0.9840625, 0.983125, 0.9825, 0.9825, 0.9828125, 0.983125, 0.9834375, 0.983125, 0.9821875]}