{"dataset": "MNIST", "k1": 3, "k2": 6, "distance": 4.978132724761963, "alphas": [0.0, 0.0416666679084301, 0.0833333358168602, 0.125, 0.1666666716337204, 0.2083333432674408, 0.25, 0.2916666865348816, 0.3333333432674408, 0.375, 0.4166666865348816, 0.4583333432674408, 0.5, 0.5416666269302368, 0.5833333134651184, 0.625, 0.6666666269302368, 0.7083333134651184, 0.75, 0.7916666865348816, 0.8333333134651184, 0.875, 0.9166666865348816, 0.9583333134651184, 1.0], "losses_train": [0.0270662308530882, 0.025821138429455458, 0.02468040185282007, 0.02366705041145906, 0.022774857917102053, 0.021987021373352036, 0.021323315982008352, 0.020790381446713583, 0.020390379515010864, 0.020090160536346956, 0.019871502431342378, 0.01974704231019132, 0.019718376118689776, 0.01981436675763689, 0.020010112273739653, 0.020310377588029952, 0.020712613660143687, 0.02120178060606122, 0.021840409993892536, 0.022629720856202767, 0.023588954899460078, 0.0247145406040363, 0.026010944100562483, 0.027471446183044465, 0.029122405255911872], "accuracy_lst_train": [0.99, 0.990625, 0.990625, 0.990625, 0.990625, 0.991875, 0.9921875, 0.9921875, 0.9928125, 0.9921875, 0.9921875, 0.993125, 0.993125, 0.9934375, 0.99375, 0.99375, 0.9934375, 0.9934375, 0.9928125, 0.9925, 0.9928125, 0.991875, 0.99125, 0.9909375, 0.99], "losses_test": [0.05427372831851244, 0.05223350989632308, 0.05035836817231029, 0.048642814946360885, 0.04711022088304162, 0.04575624237302691, 0.04457554483320564, 0.04356915782205761, 0.04273622374050319, 0.04207905323477462, 0.041562235788442196, 0.04122922564391047, 0.041053946181200444, 0.041064144631382075, 0.04128137950319797, 0.041725283681880686, 0.042362913575489075, 0.04319790776353329, 0.0442436371720396, 0.045489727542735635, 0.04692413156386465, 0.04854919925797731, 0.05035771741066128, 0.05236195968929678, 0.05460724782198668], "accuracy_lst_test": [0.98125, 0.9815625, 0.9825, 0.9834375, 0.984375, 0.985, 0.9846875, 0.9846875, 0.9846875, 0.9853125, 0.985625, 0.9865625, 0.986875, 0.9871875, 0.98625, 0.9853125, 0.9853125, 0.9846875, 0.984375, 0.98375, 0.9834375, 0.9821875, 0.983125, 0.98375, 0.9821875]}