{"dataset": "MNIST", "k1": 2, "k2": 3, "distance": 0.2406897246837616, "alphas": [0.0, 0.0416666679084301, 0.0833333358168602, 0.125, 0.1666666716337204, 0.2083333432674408, 0.25, 0.2916666865348816, 0.3333333432674408, 0.375, 0.4166666865348816, 0.4583333432674408, 0.5, 0.5416666269302368, 0.5833333134651184, 0.625, 0.6666666269302368, 0.7083333134651184, 0.75, 0.7916666865348816, 0.8333333134651184, 0.875, 0.9166666865348816, 0.9583333134651184, 1.0], "losses_train": [0.20724198520183562, 0.20644488215446472, 0.2056945100426674, 0.20499068528413772, 0.20433297127485275, 0.20372045546770096, 0.2031531211733818, 0.20263166815042497, 0.20215462476015092, 0.20172258704900742, 0.20133505135774613, 0.2009913769364357, 0.20069164991378785, 0.20043669193983077, 0.2002253270149231, 0.20005790114402772, 0.19993474811315537, 0.19985561311244965, 0.19982015669345857, 0.19982859194278718, 0.19988080263137817, 0.19997576177120208, 0.20011213093996047, 0.20029183983802795, 0.2005145373940468], "accuracy_lst_train": [0.9371484375, 0.9375390625, 0.93783203125, 0.93818359375, 0.938671875, 0.9387890625, 0.93908203125, 0.9394921875, 0.93955078125, 0.939765625, 0.93998046875, 0.94015625, 0.94025390625, 0.94046875, 0.9403125, 0.94048828125, 0.94072265625, 0.94064453125, 0.9406640625, 0.9408203125, 0.9409375, 0.94087890625, 0.94103515625, 0.9409765625, 0.94078125], "losses_test": [0.18862877027988434, 0.18793503444194792, 0.18728358132839204, 0.18667572145462036, 0.18611212587356568, 0.1855916058063507, 0.18511445696353912, 0.18467818019390106, 0.18428479375839232, 0.18393433010578156, 0.1836243709564209, 0.18335814142227172, 0.18313426184654236, 0.18295092005729674, 0.18280759868621826, 0.18270661489963533, 0.1826475281238556, 0.18262940406799316, 0.182651637840271, 0.18271384007930755, 0.18281836547851563, 0.18296630561351776, 0.18315518231391906, 0.18338449683189392, 0.18365342981815339], "accuracy_lst_test": [0.9442, 0.9441, 0.9441, 0.9446, 0.9453, 0.9452, 0.9453, 0.9455, 0.9456, 0.9457, 0.9458, 0.9458, 0.9455, 0.9457, 0.9456, 0.9461, 0.946, 0.9461, 0.946, 0.9456, 0.9453, 0.9452, 0.9448, 0.9451, 0.9452]}