{"dataset": "MNIST", "k1": 7, "k2": 9, "distance": 5.126593589782715, "alphas": [0.0, 0.0416666679084301, 0.0833333358168602, 0.125, 0.1666666716337204, 0.2083333432674408, 0.25, 0.2916666865348816, 0.3333333432674408, 0.375, 0.4166666865348816, 0.4583333432674408, 0.5, 0.5416666269302368, 0.5833333134651184, 0.625, 0.6666666269302368, 0.7083333134651184, 0.75, 0.7916666865348816, 0.8333333134651184, 0.875, 0.9166666865348816, 0.9583333134651184, 1.0], "losses_train": [0.022456785144750028, 0.020584120989078657, 0.01890842288499698, 0.017412859827745705, 0.01608710753498599, 0.014917413101065903, 0.013874069155426695, 0.01300455057877116, 0.01225913320435211, 0.01163648754998576, 0.01115477064566221, 0.01080209513020236, 0.010562289841473102, 0.01040539781737607, 0.010334117823513225, 0.010326905201654881, 0.010401559692691081, 0.010556900250376202, 0.010797858212608844, 0.01110573515878059, 0.011485880062682554, 0.011922312692040577, 0.012462869124719873, 0.013127295210724697, 0.013871305814245716], "accuracy_lst_train": [0.9934375, 0.9928125, 0.9934375, 0.99375, 0.994375, 0.9946875, 0.995, 0.9953125, 0.995625, 0.99625, 0.99625, 0.99625, 0.9965625, 0.9965625, 0.9965625, 0.9965625, 0.99625, 0.99625, 0.9959375, 0.9953125, 0.9953125, 0.9953125, 0.9959375, 0.995625, 0.995], "losses_test": [0.05544396304991096, 0.05307781194336712, 0.05098116507288068, 0.04911235314095393, 0.04746218727435916, 0.04598813952645287, 0.044721975075080994, 0.04357156170066446, 0.042583628529682754, 0.04171994898002595, 0.040960128037258986, 0.040296413931064305, 0.039739272417500617, 0.03928536404389888, 0.038914468900766226, 0.03864735896931961, 0.03849697199184447, 0.03844523191219196, 0.038518255150411275, 0.03874242492602207, 0.03911303489585407, 0.03961592887411825, 0.04024690331891179, 0.04101853114902042, 0.04198473735945299], "accuracy_lst_test": [0.984375, 0.985, 0.9859375, 0.9865625, 0.98625, 0.98625, 0.98625, 0.986875, 0.986875, 0.986875, 0.986875, 0.9865625, 0.9865625, 0.98625, 0.986875, 0.9871875, 0.9878125, 0.9878125, 0.98875, 0.9884375, 0.9884375, 0.9878125, 0.9875, 0.98625, 0.9853125]}