{"dataset": "MNIST", "k1": 0, "k2": 10, "distance": 4.820940017700195, "alphas": [0.0, 0.0416666679084301, 0.0833333358168602, 0.125, 0.1666666716337204, 0.2083333432674408, 0.25, 0.2916666865348816, 0.3333333432674408, 0.375, 0.4166666865348816, 0.4583333432674408, 0.5, 0.5416666269302368, 0.5833333134651184, 0.625, 0.6666666269302368, 0.7083333134651184, 0.75, 0.7916666865348816, 0.8333333134651184, 0.875, 0.9166666865348816, 0.9583333134651184, 1.0], "losses_train": [0.05938624396920204, 0.05923658803105354, 0.059426896944642066, 0.05989421360194683, 0.060594840124249455, 0.06147818051278591, 0.06247284360229969, 0.06348714232444763, 0.06443237647414207, 0.06526248462498188, 0.06589973755180836, 0.06630099005997181, 0.06645187117159367, 0.06635953053832054, 0.0660840655118227, 0.06569516964256764, 0.06522444061934948, 0.06467050589621066, 0.06403334215283393, 0.06337260901927948, 0.06275061167776584, 0.062215176299214366, 0.061792325899004935, 0.06149210937321186, 0.06134567193686962], "accuracy_lst_train": [0.98138671875, 0.98154296875, 0.98150390625, 0.98146484375, 0.981171875, 0.98103515625, 0.98080078125, 0.980625, 0.98037109375, 0.9801171875, 0.97994140625, 0.97994140625, 0.979921875, 0.98, 0.98021484375, 0.98046875, 0.98056640625, 0.98072265625, 0.98091796875, 0.98107421875, 0.98125, 0.98134765625, 0.98140625, 0.98173828125, 0.98162109375], "losses_test": [0.053534691208601, 0.05323081321120262, 0.053248340541124345, 0.05352312171459198, 0.05403110534548759, 0.05467964565753937, 0.05541925311088562, 0.056198768657445906, 0.056940549290180206, 0.05758511492609978, 0.058155225992202755, 0.05851802249550819, 0.058667118072509766, 0.058612077808380125, 0.05838478616476059, 0.0580490353167057, 0.05760648410916328, 0.05705724173784256, 0.05647287474870682, 0.05592131761312485, 0.055401437801122666, 0.05492821164131165, 0.05456559482812882, 0.05432163214683533, 0.05416846200227737], "accuracy_lst_test": [0.982, 0.982, 0.9821, 0.9823, 0.9821, 0.982, 0.9819, 0.9817, 0.9815, 0.981, 0.9812, 0.9814, 0.9809, 0.9805, 0.9804, 0.9809, 0.9807, 0.9814, 0.9811, 0.9811, 0.9812, 0.9813, 0.9815, 0.9816, 0.982]}