{"dataset": "MNIST", "k1": 1, "k2": 8, "distance": 1.9346219301223755, "alphas": [0.0, 0.0416666679084301, 0.0833333358168602, 0.125, 0.1666666716337204, 0.2083333432674408, 0.25, 0.2916666865348816, 0.3333333432674408, 0.375, 0.4166666865348816, 0.4583333432674408, 0.5, 0.5416666269302368, 0.5833333134651184, 0.625, 0.6666666269302368, 0.7083333134651184, 0.75, 0.7916666865348816, 0.8333333134651184, 0.875, 0.9166666865348816, 0.9583333134651184, 1.0], "losses_train": [0.07646856218576431, 0.07642537124454975, 0.07652939915657044, 0.07676122710108757, 0.07709766395390033, 0.07752185486257077, 0.07800077013671398, 0.07852178610861302, 0.07905648864805698, 0.07958360940217972, 0.08007605403661727, 0.08051490180194378, 0.08088158190250397, 0.08115368016064167, 0.08131673067808151, 0.08137419618666172, 0.08130641408264637, 0.0811425369232893, 0.08091314002871514, 0.08063311576843261, 0.08036002524197101, 0.08014818392693997, 0.08002861835062504, 0.08001997359097004, 0.08012183874845505], "accuracy_lst_train": [0.9767578125, 0.976796875, 0.9765625, 0.97654296875, 0.97646484375, 0.97630859375, 0.97595703125, 0.975859375, 0.97564453125, 0.9754296875, 0.97513671875, 0.975, 0.97478515625, 0.97451171875, 0.974453125, 0.97439453125, 0.9744140625, 0.97447265625, 0.97455078125, 0.97455078125, 0.97466796875, 0.974921875, 0.975, 0.97515625, 0.97541015625], "losses_test": [0.06888729425668716, 0.06856822491884232, 0.06838049703240394, 0.06831323399543762, 0.06835824323296547, 0.06848610312342644, 0.06868445932269096, 0.06895382407903672, 0.06925174705982208, 0.06954875724315643, 0.06986405273675919, 0.070150402033329, 0.07039056366682053, 0.07058924989700317, 0.07073205275535584, 0.07080519918203354, 0.07081422702074051, 0.07074536526203155, 0.07063053072690964, 0.07046488101482391, 0.0703138453722, 0.07019535101056099, 0.07015569234490394, 0.07021097913384437, 0.07035751907229423], "accuracy_lst_test": [0.9778, 0.9784, 0.9783, 0.9776, 0.9772, 0.9773, 0.9768, 0.9773, 0.9773, 0.9773, 0.9771, 0.9771, 0.9771, 0.9773, 0.9773, 0.9773, 0.9772, 0.9772, 0.9777, 0.9779, 0.9782, 0.9786, 0.9791, 0.9792, 0.9793]}