{"dataset": "MNIST", "k1": 1, "k2": 4, "distance": 1.3335644006729126, "alphas": [0.0, 0.0416666679084301, 0.0833333358168602, 0.125, 0.1666666716337204, 0.2083333432674408, 0.25, 0.2916666865348816, 0.3333333432674408, 0.375, 0.4166666865348816, 0.4583333432674408, 0.5, 0.5416666269302368, 0.5833333134651184, 0.625, 0.6666666269302368, 0.7083333134651184, 0.75, 0.7916666865348816, 0.8333333134651184, 0.875, 0.9166666865348816, 0.9583333134651184, 1.0], "losses_train": [0.14863853439688682, 0.148577810972929, 0.1486208890378475, 0.148751021027565, 0.14896854907274246, 0.14925400361418725, 0.14959273979067803, 0.14996268704533577, 0.15035099759697915, 0.15074771776795387, 0.1511345300078392, 0.15149528086185454, 0.15182698994874955, 0.15210850700736045, 0.15233528167009353, 0.15250468179583548, 0.15261076718568803, 0.1526504522562027, 0.15264112561941146, 0.15260811462998392, 0.15255819112062455, 0.15251274958252906, 0.15249790072441102, 0.15253601089119911, 0.15263992190361023], "accuracy_lst_train": [0.95533203125, 0.95533203125, 0.9553125, 0.9552734375, 0.95513671875, 0.9551953125, 0.95498046875, 0.9547265625, 0.95447265625, 0.95439453125, 0.954296875, 0.95416015625, 0.95404296875, 0.95384765625, 0.953828125, 0.953828125, 0.95390625, 0.9540234375, 0.95423828125, 0.95416015625, 0.95421875, 0.95416015625, 0.9543359375, 0.95451171875, 0.954375], "losses_test": [0.1306857630610466, 0.13060738376379014, 0.13062962621450425, 0.1307283454298973, 0.13089313062429428, 0.13112497586011887, 0.1314141138792038, 0.13175243632793426, 0.1321182586669922, 0.1324903675556183, 0.1328824947834015, 0.13328115293979645, 0.13366476104259492, 0.1340308036327362, 0.13435125677585602, 0.13463154201507568, 0.1348656224489212, 0.13504663910865783, 0.13518957450389862, 0.13529650337696075, 0.13538002572059632, 0.13547616629600526, 0.1355999979019165, 0.13577066237926483, 0.13599910287857056], "accuracy_lst_test": [0.9616, 0.9618, 0.9615, 0.9618, 0.9616, 0.9618, 0.9612, 0.9616, 0.9616, 0.9613, 0.9611, 0.9609, 0.9608, 0.9607, 0.9605, 0.9602, 0.9598, 0.9596, 0.96, 0.9599, 0.9599, 0.96, 0.9599, 0.9596, 0.9594]}