{"dataset": "MNIST", "k1": 0, "k2": 7, "distance": 4.189408779144287, "alphas": [0.0, 0.0416666679084301, 0.0833333358168602, 0.125, 0.1666666716337204, 0.2083333432674408, 0.25, 0.2916666865348816, 0.3333333432674408, 0.375, 0.4166666865348816, 0.4583333432674408, 0.5, 0.5416666269302368, 0.5833333134651184, 0.625, 0.6666666269302368, 0.7083333134651184, 0.75, 0.7916666865348816, 0.8333333134651184, 0.875, 0.9166666865348816, 0.9583333134651184, 1.0], "losses_train": [0.08839002139866352, 0.08749369315803052, 0.08695724472403527, 0.08673501268029213, 0.08677828989923, 0.08704164929687977, 0.08746985539793968, 0.08799248285591603, 0.08855049133300781, 0.0891048863530159, 0.08960682183504104, 0.09001990579068661, 0.09032143533229828, 0.09048182740807534, 0.09054309859871865, 0.09047514632344246, 0.09029902018606663, 0.09003090091049672, 0.08972797982394695, 0.08945470102131367, 0.08926867693662643, 0.08918134033679963, 0.0892434836179018, 0.08949739456176758, 0.089955181106925], "accuracy_lst_train": [0.9728125, 0.9731640625, 0.9735546875, 0.97365234375, 0.97373046875, 0.9739453125, 0.97384765625, 0.97373046875, 0.9733984375, 0.97365234375, 0.97326171875, 0.973359375, 0.97341796875, 0.973359375, 0.9735546875, 0.9733984375, 0.97353515625, 0.97353515625, 0.973515625, 0.97341796875, 0.97341796875, 0.97330078125, 0.9730859375, 0.97294921875, 0.97275390625], "losses_test": [0.07661496671438217, 0.07585016758441925, 0.07541978559494018, 0.0752627521276474, 0.0753682053565979, 0.07569566538333893, 0.07618738869428635, 0.07676574004888534, 0.07735590720176697, 0.07794164375066757, 0.07844067769050599, 0.07888389202356338, 0.07924123455286027, 0.07950179725885391, 0.07968135664463043, 0.07974247018098832, 0.0796153767824173, 0.07939361259937286, 0.07908161835670471, 0.07876261439323426, 0.07851737471818925, 0.07833301948308945, 0.07827362368106842, 0.07838226798772811, 0.07866358824968338], "accuracy_lst_test": [0.9743, 0.9746, 0.9751, 0.9749, 0.9745, 0.9745, 0.9745, 0.9745, 0.9744, 0.9744, 0.9741, 0.9739, 0.9739, 0.9743, 0.9743, 0.9743, 0.9745, 0.9744, 0.9749, 0.975, 0.9751, 0.975, 0.9749, 0.9749, 0.9748]}