{"dataset": "MNIST", "k1": 3, "k2": 5, "distance": 3.9581634998321533, "alphas": [0.0, 0.0416666679084301, 0.0833333358168602, 0.125, 0.1666666716337204, 0.2083333432674408, 0.25, 0.2916666865348816, 0.3333333432674408, 0.375, 0.4166666865348816, 0.4583333432674408, 0.5, 0.5416666269302368, 0.5833333134651184, 0.625, 0.6666666269302368, 0.7083333134651184, 0.75, 0.7916666865348816, 0.8333333134651184, 0.875, 0.9166666865348816, 0.9583333134651184, 1.0], "losses_train": [0.040520740491338074, 0.038360469210892915, 0.03649410403333604, 0.034880052604712546, 0.033482766197994354, 0.03227049815701321, 0.031222734909970313, 0.03034005390945822, 0.02964158383663744, 0.029074517947155983, 0.02864217509049922, 0.028345946266781538, 0.028186824884032832, 0.02815416841302067, 0.028302886151941493, 0.028600921687902882, 0.02904703642008826, 0.02964326592045836, 0.030423015983542426, 0.031410607213620094, 0.032621230378281324, 0.03413566838833503, 0.035956732508493586, 0.03810550810187124, 0.040614414603915065], "accuracy_lst_train": [0.9871875, 0.9878125, 0.988125, 0.9884375, 0.99, 0.99, 0.990625, 0.9903125, 0.990625, 0.990625, 0.990625, 0.990625, 0.990625, 0.990625, 0.990625, 0.9909375, 0.9915625, 0.9909375, 0.99125, 0.9915625, 0.990625, 0.9903125, 0.9896875, 0.98875, 0.988125], "losses_test": [0.06830683585256338, 0.06527304630726576, 0.06256664710119367, 0.060206995885819195, 0.0581093911640346, 0.05631108164787293, 0.054813982686027884, 0.05358026933856309, 0.052634903006255625, 0.051900280183181165, 0.05141480177640915, 0.05112380232661962, 0.05103009957354516, 0.05117522230837494, 0.05152155329938978, 0.052092845016159114, 0.05294727534987032, 0.05407625894527882, 0.05551449637394398, 0.05722505525685847, 0.059194419849663976, 0.06146936379373073, 0.06410550773143768, 0.06710750355385244, 0.07044965321198106], "accuracy_lst_test": [0.9771875, 0.9778125, 0.9796875, 0.98125, 0.9815625, 0.9821875, 0.9828125, 0.983125, 0.9834375, 0.983125, 0.983125, 0.9840625, 0.9840625, 0.9840625, 0.9834375, 0.9834375, 0.9840625, 0.9840625, 0.9846875, 0.983125, 0.9821875, 0.98125, 0.9803125, 0.97875, 0.9771875]}