{"dataset": "MNIST", "k1": 0, "k2": 2, "distance": 2.4384655952453613, "alphas": [0.0, 0.0416666679084301, 0.0833333358168602, 0.125, 0.1666666716337204, 0.2083333432674408, 0.25, 0.2916666865348816, 0.3333333432674408, 0.375, 0.4166666865348816, 0.4583333432674408, 0.5, 0.5416666269302368, 0.5833333134651184, 0.625, 0.6666666269302368, 0.7083333134651184, 0.75, 0.7916666865348816, 0.8333333134651184, 0.875, 0.9166666865348816, 0.9583333134651184, 1.0], "losses_train": [0.2733333232998848, 0.2726507267355919, 0.2726857295632362, 0.27334766000509264, 0.2745589646697044, 0.27623056262731555, 0.27822359949350356, 0.28039578467607496, 0.282592748105526, 0.28467037141323087, 0.28645106852054597, 0.28778321415185926, 0.2886470013856888, 0.2889993730187416, 0.28875431925058365, 0.28786136239767074, 0.2864798268675804, 0.2849089378118515, 0.2833801728487015, 0.28207041770219804, 0.2810790354013443, 0.28043863773345945, 0.28023035734891893, 0.28048484176397326, 0.28124794334173203], "accuracy_lst_train": [0.91873046875, 0.91896484375, 0.91880859375, 0.9187890625, 0.9183203125, 0.91787109375, 0.91712890625, 0.91650390625, 0.9158984375, 0.91541015625, 0.91482421875, 0.91421875, 0.9140625, 0.91400390625, 0.9140625, 0.91443359375, 0.9145703125, 0.9152734375, 0.91587890625, 0.91654296875, 0.9171484375, 0.91734375, 0.9174609375, 0.917421875, 0.91759765625], "losses_test": [0.2505556808948517, 0.25020971937179565, 0.2505333790063858, 0.2514293620824814, 0.2528318614244461, 0.25465751399993897, 0.2567652331829071, 0.25906909036636355, 0.2613383964538574, 0.2634323754310608, 0.26513776726722715, 0.26633189630508425, 0.26702987976074216, 0.267291481924057, 0.2670534538269043, 0.26625631384849546, 0.2649994084835052, 0.2634835509777069, 0.2619460380077362, 0.260586901140213, 0.25948687489032746, 0.25876621344089507, 0.25843391013145445, 0.25856129953861234, 0.2591950692653656], "accuracy_lst_test": [0.925, 0.9244, 0.9251, 0.9261, 0.9265, 0.9258, 0.9259, 0.9255, 0.9252, 0.9249, 0.9244, 0.9235, 0.9231, 0.9218, 0.9218, 0.922, 0.923, 0.9235, 0.9247, 0.9251, 0.9256, 0.9257, 0.9264, 0.9264, 0.9256]}