{"dataset": "MNIST", "k1": 1, "k2": 3, "distance": 0.9379158020019531, "alphas": [0.0, 0.0416666679084301, 0.0833333358168602, 0.125, 0.1666666716337204, 0.2083333432674408, 0.25, 0.2916666865348816, 0.3333333432674408, 0.375, 0.4166666865348816, 0.4583333432674408, 0.5, 0.5416666269302368, 0.5833333134651184, 0.625, 0.6666666269302368, 0.7083333134651184, 0.75, 0.7916666865348816, 0.8333333134651184, 0.875, 0.9166666865348816, 0.9583333134651184, 1.0], "losses_train": [0.20134263455867768, 0.20099057912826537, 0.20069496482610702, 0.20045296251773834, 0.2002573275566101, 0.2001055335998535, 0.19999470233917235, 0.1999171844124794, 0.199868643283844, 0.19984280645847322, 0.19983132272958756, 0.19982732504606246, 0.19983388721942902, 0.19984468013048173, 0.19985312104225159, 0.19986526548862457, 0.19988283812999724, 0.19990642875432968, 0.19993796139955522, 0.1999781996011734, 0.20003376603126527, 0.20010753214359284, 0.20021024495363235, 0.20034568190574645, 0.2005145373940468], "accuracy_lst_train": [0.9392578125, 0.93939453125, 0.9394921875, 0.93966796875, 0.93986328125, 0.93982421875, 0.94001953125, 0.9400390625, 0.9400390625, 0.94015625, 0.94013671875, 0.940078125, 0.9401953125, 0.94033203125, 0.940390625, 0.94037109375, 0.94048828125, 0.94060546875, 0.940703125, 0.94072265625, 0.94076171875, 0.9408984375, 0.94080078125, 0.940859375, 0.94078125], "losses_test": [0.18364797394275664, 0.1832693872690201, 0.18295024225711823, 0.1826888510942459, 0.1824728404045105, 0.18230864124298096, 0.18219760444164276, 0.1821233273744583, 0.18207936577796935, 0.18207584602832794, 0.182113338804245, 0.18216589226722718, 0.1822305141210556, 0.18230886316299438, 0.18238809990882873, 0.18247044727802278, 0.18255610120296478, 0.18264123663902282, 0.18272928154468537, 0.1828306278705597, 0.18294901852607728, 0.183083389544487, 0.18324279305934907, 0.1834331981420517, 0.18365342981815339], "accuracy_lst_test": [0.945, 0.9451, 0.9453, 0.9456, 0.9456, 0.946, 0.9458, 0.9456, 0.9454, 0.9452, 0.9452, 0.9454, 0.9457, 0.9458, 0.9459, 0.9459, 0.9458, 0.9459, 0.9456, 0.9459, 0.946, 0.9455, 0.9455, 0.9453, 0.9452]}