{"dataset": "MNIST", "k1": 3, "k2": 4, "distance": 2.776442527770996, "alphas": [0.0, 0.0416666679084301, 0.0833333358168602, 0.125, 0.1666666716337204, 0.2083333432674408, 0.25, 0.2916666865348816, 0.3333333432674408, 0.375, 0.4166666865348816, 0.4583333432674408, 0.5, 0.5416666269302368, 0.5833333134651184, 0.625, 0.6666666269302368, 0.7083333134651184, 0.75, 0.7916666865348816, 0.8333333134651184, 0.875, 0.9166666865348816, 0.9583333134651184, 1.0], "losses_train": [0.03920787639915943, 0.03830848946003243, 0.037477642406011, 0.03670510653057136, 0.03601331224897877, 0.03541035196045414, 0.03487008153577335, 0.03438816114678048, 0.03396458559087478, 0.03359680071938783, 0.03330836076871492, 0.033088618299225346, 0.03294024413800798, 0.032841057191835714, 0.03281468460219912, 0.03285074034007266, 0.03294585352647118, 0.03312423835275695, 0.033375706032384184, 0.03369612034410238, 0.03410026572528295, 0.03457480865647085, 0.0351179421460256, 0.03574203722644597, 0.03644968424458057], "accuracy_lst_train": [0.9884375, 0.9884375, 0.988125, 0.9884375, 0.9890625, 0.9890625, 0.989375, 0.9896875, 0.990625, 0.99125, 0.99125, 0.9915625, 0.9915625, 0.991875, 0.991875, 0.991875, 0.991875, 0.991875, 0.9928125, 0.9925, 0.9921875, 0.991875, 0.991875, 0.9915625, 0.9909375], "losses_test": [0.05997404655441642, 0.05937648697756231, 0.05885581378825009, 0.058396815862506626, 0.05798745674081147, 0.05763468615245074, 0.05735808582976461, 0.057150229350663724, 0.05700212124735117, 0.05693844228517264, 0.05695140366442501, 0.05704254641197622, 0.0571888476703316, 0.057391120744869115, 0.057677487889304754, 0.0580187381291762, 0.058422668920829895, 0.0589218580070883, 0.05947268021292985, 0.060060534025542435, 0.06072027760092169, 0.06148033915087581, 0.06232369434088469, 0.06325729113072157, 0.06428565680980683], "accuracy_lst_test": [0.9790625, 0.979375, 0.98, 0.980625, 0.98, 0.98, 0.980625, 0.98, 0.9803125, 0.9809375, 0.9803125, 0.9796875, 0.9796875, 0.98, 0.98, 0.980625, 0.9803125, 0.98, 0.9796875, 0.98, 0.98, 0.9803125, 0.9803125, 0.9803125, 0.98]}