{"dataset": "MNIST", "k1": 2, "k2": 5, "distance": 0.2962109446525574, "alphas": [0.0, 0.0416666679084301, 0.0833333358168602, 0.125, 0.1666666716337204, 0.2083333432674408, 0.25, 0.2916666865348816, 0.3333333432674408, 0.375, 0.4166666865348816, 0.4583333432674408, 0.5, 0.5416666269302368, 0.5833333134651184, 0.625, 0.6666666269302368, 0.7083333134651184, 0.75, 0.7916666865348816, 0.8333333134651184, 0.875, 0.9166666865348816, 0.9583333134651184, 1.0], "losses_train": [0.12249869167804718, 0.12208138927817344, 0.12170055717229843, 0.12135645031929015, 0.12104871243238449, 0.12077666386961937, 0.12054065465927125, 0.12033960625529289, 0.12017362892627716, 0.1200440388917923, 0.11995019137859345, 0.11989200338721276, 0.11986943244934083, 0.11988226994872093, 0.11993077248334885, 0.12001595064997674, 0.12013768956065178, 0.12029604434967041, 0.12049074128270149, 0.12072234705090523, 0.1209902074933052, 0.1212944321334362, 0.1216352728009224, 0.12201317355036735, 0.12242789715528488], "accuracy_lst_train": [0.96279296875, 0.96294921875, 0.96322265625, 0.96345703125, 0.9636328125, 0.963828125, 0.9641015625, 0.964453125, 0.96431640625, 0.9644140625, 0.9645703125, 0.96466796875, 0.9645703125, 0.9645703125, 0.96455078125, 0.96451171875, 0.96451171875, 0.964296875, 0.9641015625, 0.9641015625, 0.96396484375, 0.96392578125, 0.96404296875, 0.96400390625, 0.9637890625], "losses_test": [0.1119925443649292, 0.11155037971735, 0.11114121054410935, 0.11076346918344497, 0.11041832566261292, 0.11010476862192153, 0.10982216057777405, 0.10957231872081756, 0.10935541591644288, 0.10917091014385223, 0.10901896945238114, 0.10890073201656342, 0.1088159356713295, 0.108764717400074, 0.10874779070615768, 0.10876564692258835, 0.10881663703918457, 0.10890069401264191, 0.10901857169866562, 0.10916918468475342, 0.10935319876670838, 0.10957336119413376, 0.1098277334690094, 0.11011586867570877, 0.11043822224140168], "accuracy_lst_test": [0.9654, 0.9655, 0.9655, 0.9657, 0.9658, 0.9662, 0.9662, 0.9664, 0.9665, 0.9666, 0.9666, 0.9665, 0.9662, 0.9664, 0.9663, 0.9663, 0.966, 0.9659, 0.9657, 0.9654, 0.9657, 0.9652, 0.9654, 0.9652, 0.9652]}