{"dataset": "MNIST", "k1": 1, "k2": 6, "distance": 6.995522499084473, "alphas": [0.0, 0.0416666679084301, 0.0833333358168602, 0.125, 0.1666666716337204, 0.2083333432674408, 0.25, 0.2916666865348816, 0.3333333432674408, 0.375, 0.4166666865348816, 0.4583333432674408, 0.5, 0.5416666269302368, 0.5833333134651184, 0.625, 0.6666666269302368, 0.7083333134651184, 0.75, 0.7916666865348816, 0.8333333134651184, 0.875, 0.9166666865348816, 0.9583333134651184, 1.0], "losses_train": [0.026960690963314847, 0.025809911291580646, 0.02481331713614054, 0.023941702533047646, 0.023166664144955575, 0.02249835975235328, 0.021914755909238012, 0.02142161153256893, 0.02101430476177484, 0.02068435934605077, 0.020478054874110967, 0.020370139277074487, 0.020352816625963898, 0.020414535729214547, 0.020563067104667425, 0.02080893867649138, 0.02115848406450823, 0.021629111436195673, 0.02225835289340466, 0.023041711072437465, 0.023971371792722494, 0.025058598404284566, 0.026278006656793876, 0.027623578873462975, 0.029122405255911872], "accuracy_lst_train": [0.9915625, 0.9921875, 0.991875, 0.9921875, 0.9925, 0.991875, 0.9925, 0.9928125, 0.9928125, 0.9928125, 0.993125, 0.993125, 0.9934375, 0.9934375, 0.993125, 0.9934375, 0.9934375, 0.993125, 0.993125, 0.991875, 0.9915625, 0.9915625, 0.99125, 0.9903125, 0.99], "losses_test": [0.06082221528980881, 0.05887122387997806, 0.057040087399072945, 0.055334166274406016, 0.053746921927668154, 0.05227026740089059, 0.05087860559113324, 0.04966887841466814, 0.048569295965135095, 0.04760129664093256, 0.046810221825726334, 0.046206565331667664, 0.0458029557345435, 0.04552716700360179, 0.0454280198412016, 0.04552277883049101, 0.04579691150225699, 0.04628564722836018, 0.04693065636325627, 0.04780902901198715, 0.04887312496546656, 0.050091468063183126, 0.05142631364054978, 0.05291030899155885, 0.05460724782198668], "accuracy_lst_test": [0.981875, 0.9825, 0.9825, 0.9821875, 0.9821875, 0.9821875, 0.9821875, 0.983125, 0.9834375, 0.9840625, 0.984375, 0.98375, 0.984375, 0.984375, 0.9834375, 0.98375, 0.98375, 0.98375, 0.9840625, 0.98375, 0.9840625, 0.98375, 0.983125, 0.9828125, 0.9821875]}