{"dataset": "MNIST", "k1": 1, "k2": 3, "distance": 3.920457124710083, "alphas": [0.0, 0.0416666679084301, 0.0833333358168602, 0.125, 0.1666666716337204, 0.2083333432674408, 0.25, 0.2916666865348816, 0.3333333432674408, 0.375, 0.4166666865348816, 0.4583333432674408, 0.5, 0.5416666269302368, 0.5833333134651184, 0.625, 0.6666666269302368, 0.7083333134651184, 0.75, 0.7916666865348816, 0.8333333134651184, 0.875, 0.9166666865348816, 0.9583333134651184, 1.0], "losses_train": [0.04685397297143936, 0.04572913846001029, 0.04473807386122644, 0.04385540733113885, 0.043087949128821496, 0.042436094023287296, 0.04189439479261637, 0.041443801452405754, 0.04109222949482501, 0.040843094047158954, 0.04067984542809427, 0.040609896196983755, 0.0406337324436754, 0.04073961876798421, 0.04093712894245982, 0.04121769341174513, 0.04157459551934153, 0.04200438554398715, 0.042534049670211974, 0.04315436624456197, 0.043887577848508955, 0.04475076869595796, 0.045735928677022454, 0.04685510731767863, 0.048088587853126225], "accuracy_lst_train": [0.985625, 0.9865625, 0.9875, 0.9875, 0.9875, 0.9878125, 0.98875, 0.989375, 0.989375, 0.989375, 0.989375, 0.989375, 0.9890625, 0.989375, 0.989375, 0.9884375, 0.988125, 0.9884375, 0.9884375, 0.9884375, 0.9884375, 0.988125, 0.9871875, 0.986875, 0.986875], "losses_test": [0.05951284481212497, 0.058289683572947976, 0.057267225850373506, 0.05645313514396548, 0.055794080048799516, 0.0552886569686234, 0.05493400949984789, 0.05470793839544058, 0.05461918012239039, 0.05463604071177542, 0.0548034708853811, 0.055133174415677784, 0.05558729364536703, 0.05616510102525354, 0.056876339931041, 0.057719946606084704, 0.058691587932407856, 0.05981550919823349, 0.06110711392015219, 0.06255399773828685, 0.06413235154934227, 0.06588427138514817, 0.06778771471232176, 0.06990641972981393, 0.07222161951474845], "accuracy_lst_test": [0.9790625, 0.979375, 0.979375, 0.979375, 0.9790625, 0.9790625, 0.9790625, 0.9790625, 0.979375, 0.9796875, 0.9796875, 0.9796875, 0.979375, 0.9796875, 0.9790625, 0.9778125, 0.978125, 0.9778125, 0.9771875, 0.9765625, 0.9775, 0.9771875, 0.976875, 0.9759375, 0.9746875]}