{"dataset": "MNIST", "k1": 0, "k2": 2, "distance": 8.977805137634277, "alphas": [0.0, 0.0416666679084301, 0.0833333358168602, 0.125, 0.1666666716337204, 0.2083333432674408, 0.25, 0.2916666865348816, 0.3333333432674408, 0.375, 0.4166666865348816, 0.4583333432674408, 0.5, 0.5416666269302368, 0.5833333134651184, 0.625, 0.6666666269302368, 0.7083333134651184, 0.75, 0.7916666865348816, 0.8333333134651184, 0.875, 0.9166666865348816, 0.9583333134651184, 1.0], "losses_train": [0.05928543904796243, 0.05952059743925929, 0.06026293260976672, 0.0614880995079875, 0.06307988530024886, 0.06498474879190326, 0.06713600622490049, 0.06936376364901661, 0.07158599253743887, 0.07372184660285712, 0.07562890954315662, 0.07728975966572761, 0.07844813074916601, 0.07907006103545428, 0.07935930602252483, 0.07923741929233075, 0.0786452017351985, 0.07775381643325091, 0.07669644573703409, 0.07545945513993502, 0.07425513941794634, 0.07330668959766626, 0.07265772012993693, 0.07230822969228029, 0.07245827527716756], "accuracy_lst_train": [0.9846875, 0.985, 0.984375, 0.984375, 0.9840625, 0.98375, 0.9825, 0.9815625, 0.9809375, 0.9803125, 0.980625, 0.9803125, 0.9803125, 0.9809375, 0.9803125, 0.98, 0.979375, 0.97875, 0.978125, 0.9790625, 0.9790625, 0.9796875, 0.9796875, 0.98, 0.980625], "losses_test": [0.08453484911471605, 0.08438328290358185, 0.08484772235155105, 0.08576686453074217, 0.08708727609366179, 0.08883970547467471, 0.0907607788592577, 0.09278031382709742, 0.09484076626598835, 0.09691365648061037, 0.09882763873785734, 0.10032222453504801, 0.10119098383933306, 0.10165789354592562, 0.10166744221001864, 0.10139876678586006, 0.10080638978630305, 0.09987865552306176, 0.09855832640081644, 0.09691092096269131, 0.09526431076228618, 0.09392789959907531, 0.09295902378857136, 0.09238251619040966, 0.09219000875949859], "accuracy_lst_test": [0.9753125, 0.9753125, 0.974375, 0.97375, 0.9734375, 0.9721875, 0.97125, 0.9715625, 0.97, 0.9703125, 0.97, 0.9690625, 0.9684375, 0.9696875, 0.96875, 0.96875, 0.9684375, 0.9684375, 0.9690625, 0.969375, 0.969375, 0.9696875, 0.9696875, 0.9709375, 0.970625]}