{"dataset": "MNIST", "k1": 2, "k2": 6, "distance": 5.901747226715088, "alphas": [0.0, 0.0416666679084301, 0.0833333358168602, 0.125, 0.1666666716337204, 0.2083333432674408, 0.25, 0.2916666865348816, 0.3333333432674408, 0.375, 0.4166666865348816, 0.4583333432674408, 0.5, 0.5416666269302368, 0.5833333134651184, 0.625, 0.6666666269302368, 0.7083333134651184, 0.75, 0.7916666865348816, 0.8333333134651184, 0.875, 0.9166666865348816, 0.9583333134651184, 1.0], "losses_train": [0.024249267913401127, 0.02326754527282901, 0.022483678590506314, 0.02186300843488425, 0.02135766704683192, 0.02095305093913339, 0.020613397090928628, 0.020336823068792, 0.02013175636762753, 0.019997280944371598, 0.019926156320143492, 0.01991121673025191, 0.019966101401951163, 0.020091726202517746, 0.02027068377705291, 0.02055169688886963, 0.020911234442610293, 0.021383649685885756, 0.02197233393904753, 0.022706565253902227, 0.023579966572578995, 0.02465258410316892, 0.02592229235684499, 0.0273982161807362, 0.029122405255911872], "accuracy_lst_train": [0.9925, 0.9925, 0.993125, 0.99375, 0.99375, 0.9940625, 0.9940625, 0.99375, 0.99375, 0.99375, 0.99375, 0.9934375, 0.9928125, 0.993125, 0.993125, 0.993125, 0.993125, 0.9928125, 0.9928125, 0.9925, 0.9925, 0.9921875, 0.99125, 0.990625, 0.99], "losses_test": [0.05541743585839867, 0.053479726826772093, 0.051699179327115416, 0.05007814191281795, 0.04863824244588613, 0.04735672367736697, 0.046183363273739814, 0.04516742056235671, 0.04427783855237067, 0.04352447780780494, 0.04297086613252759, 0.04262654905207455, 0.04246992675587535, 0.04251628305763006, 0.042740252404473725, 0.043120012469589714, 0.04367310318630189, 0.044420981891453264, 0.04532813592348248, 0.04643292452208698, 0.04767584549728781, 0.04907421099953353, 0.050675516086630526, 0.05251189302653074, 0.05460724782198668], "accuracy_lst_test": [0.980625, 0.9815625, 0.983125, 0.98375, 0.984375, 0.985, 0.985625, 0.9859375, 0.9859375, 0.9859375, 0.9859375, 0.9859375, 0.985625, 0.985625, 0.985625, 0.985625, 0.9859375, 0.9859375, 0.985, 0.98375, 0.9840625, 0.98375, 0.9834375, 0.9834375, 0.9821875]}