{"dataset": "MNIST", "k1": 1, "k2": 5, "distance": 5.892662525177002, "alphas": [0.0, 0.0416666679084301, 0.0833333358168602, 0.125, 0.1666666716337204, 0.2083333432674408, 0.25, 0.2916666865348816, 0.3333333432674408, 0.375, 0.4166666865348816, 0.4583333432674408, 0.5, 0.5416666269302368, 0.5833333134651184, 0.625, 0.6666666269302368, 0.7083333134651184, 0.75, 0.7916666865348816, 0.8333333134651184, 0.875, 0.9166666865348816, 0.9583333134651184, 1.0], "losses_train": [0.036817591581493614, 0.03482886503683403, 0.03313502432079986, 0.031675253114663064, 0.03040423369500786, 0.02935201293323189, 0.02851336298044771, 0.02785008049104363, 0.027349182839971037, 0.02703512751031667, 0.02689727390417829, 0.02693726775702089, 0.027120334785431622, 0.027424397747963666, 0.027845230856910347, 0.028373349907342346, 0.02902606148738414, 0.029828700750367716, 0.03075960557674989, 0.031848720682319254, 0.03312404551543295, 0.03462410266045481, 0.03634639861295, 0.038328511249274014, 0.040614414603915065], "accuracy_lst_train": [0.988125, 0.98875, 0.9890625, 0.99, 0.990625, 0.9909375, 0.9909375, 0.991875, 0.991875, 0.9915625, 0.991875, 0.991875, 0.9921875, 0.9915625, 0.99125, 0.99125, 0.99125, 0.9909375, 0.990625, 0.9896875, 0.9896875, 0.989375, 0.989375, 0.98875, 0.988125], "losses_test": [0.06651491069234908, 0.06377863137517124, 0.06137213621754199, 0.059302418688312174, 0.05748903017491102, 0.05592391808982938, 0.054625080628320576, 0.05358690828084946, 0.05276572238188237, 0.05215904910117388, 0.0517014746973291, 0.051414919048547746, 0.05135287720710039, 0.051506102373823526, 0.051886414024047554, 0.052522448617964984, 0.05344292190857232, 0.0546319015789777, 0.056022632801905274, 0.05768660763744265, 0.05970320014283061, 0.062019505915232004, 0.06461080698296427, 0.06740795151796192, 0.07044965321198106], "accuracy_lst_test": [0.9796875, 0.979375, 0.98, 0.9815625, 0.981875, 0.9821875, 0.9821875, 0.983125, 0.98375, 0.984375, 0.985, 0.9846875, 0.9846875, 0.9853125, 0.984375, 0.984375, 0.985, 0.984375, 0.9834375, 0.983125, 0.9821875, 0.9815625, 0.9796875, 0.978125, 0.9771875]}