{"dataset": "MNIST", "k1": 2, "k2": 9, "distance": 0.5474509596824646, "alphas": [0.0, 0.0416666679084301, 0.0833333358168602, 0.125, 0.1666666716337204, 0.2083333432674408, 0.25, 0.2916666865348816, 0.3333333432674408, 0.375, 0.4166666865348816, 0.4583333432674408, 0.5, 0.5416666269302368, 0.5833333134651184, 0.625, 0.6666666269302368, 0.7083333134651184, 0.75, 0.7916666865348816, 0.8333333134651184, 0.875, 0.9166666865348816, 0.9583333134651184, 1.0], "losses_train": [0.06944391898810863, 0.06920310370624065, 0.0689860986918211, 0.0687939278781414, 0.06862584918737412, 0.06848130144178867, 0.06835951909422874, 0.06826069615781308, 0.06818469747900963, 0.06813278883695602, 0.06810454569756985, 0.06810017533600331, 0.06811895050108432, 0.06816071204841137, 0.06822536662220954, 0.06831364117562772, 0.06842534624040127, 0.06856070667505264, 0.06871905915439129, 0.06890012383460999, 0.06910516820847988, 0.06933371365070343, 0.06958650350570679, 0.06986251294612884, 0.07016193822026252], "accuracy_lst_train": [0.97876953125, 0.97892578125, 0.9789453125, 0.97892578125, 0.97900390625, 0.97908203125, 0.97921875, 0.9792578125, 0.9793359375, 0.97939453125, 0.97951171875, 0.97939453125, 0.979453125, 0.97935546875, 0.97947265625, 0.97951171875, 0.979375, 0.9794921875, 0.97935546875, 0.9791796875, 0.97900390625, 0.97900390625, 0.97888671875, 0.97880859375, 0.9785546875], "losses_test": [0.06055059278011322, 0.060349428582191465, 0.060173830610513686, 0.0600197408080101, 0.05989006651043892, 0.0597851708650589, 0.05970278952717781, 0.059642866230010985, 0.05960524483323097, 0.05958868793845177, 0.059593961209058764, 0.05962252426743508, 0.05967283221483231, 0.059744202011823656, 0.05983706716299057, 0.059951628786325456, 0.06008694568872452, 0.060244349962472916, 0.06042620824575424, 0.06063051509261131, 0.06085643708705902, 0.061104882788658145, 0.061375217294692995, 0.06166848568916321, 0.061983923864364625], "accuracy_lst_test": [0.9821, 0.9821, 0.982, 0.9821, 0.9819, 0.9817, 0.9817, 0.9816, 0.9816, 0.9816, 0.9815, 0.9813, 0.9811, 0.9811, 0.9812, 0.9812, 0.9812, 0.981, 0.9809, 0.9807, 0.9807, 0.9804, 0.9802, 0.9802, 0.9801]}