{"dataset": "MNIST", "k1": 5, "k2": 9, "distance": 6.570252895355225, "alphas": [0.0, 0.0416666679084301, 0.0833333358168602, 0.125, 0.1666666716337204, 0.2083333432674408, 0.25, 0.2916666865348816, 0.3333333432674408, 0.375, 0.4166666865348816, 0.4583333432674408, 0.5, 0.5416666269302368, 0.5833333134651184, 0.625, 0.6666666269302368, 0.7083333134651184, 0.75, 0.7916666865348816, 0.8333333134651184, 0.875, 0.9166666865348816, 0.9583333134651184, 1.0], "losses_train": [0.01853121232241392, 0.017284994572983124, 0.016183535028831103, 0.015201257636945228, 0.01433922620199155, 0.013581083838071209, 0.01291866940970067, 0.012340400161047, 0.011855393353034743, 0.011458280695369466, 0.011129440944932867, 0.010875103383150418, 0.010704653152497485, 0.010606634365394711, 0.010526129156351089, 0.010495646744093392, 0.010549903213977814, 0.010660763549385593, 0.010841923293482977, 0.01112153988215141, 0.011496108950814233, 0.011945187791716307, 0.012492266638437286, 0.013135111248120666, 0.013871305814245716], "accuracy_lst_train": [0.994375, 0.9946875, 0.9946875, 0.9946875, 0.9946875, 0.995, 0.9946875, 0.9946875, 0.995, 0.9946875, 0.995, 0.995625, 0.9959375, 0.9959375, 0.9959375, 0.9959375, 0.995625, 0.995625, 0.995625, 0.995625, 0.9953125, 0.9953125, 0.9953125, 0.9953125, 0.995], "losses_test": [0.05196519624441862, 0.05033599630696699, 0.048917825855314734, 0.047687011535745116, 0.04657488236902282, 0.045547359657939525, 0.04464500009897165, 0.04381999928737059, 0.043094976888969544, 0.042433964111842214, 0.04186339779756963, 0.04136324083665386, 0.04095011702389456, 0.04061329404241405, 0.040303243092494084, 0.04003491142881103, 0.03982928063487634, 0.039724559091264385, 0.03972935007652268, 0.03984598807175644, 0.040050992398755626, 0.040353654221398756, 0.04076616906444542, 0.04129015886108391, 0.04198473735945299], "accuracy_lst_test": [0.985, 0.98625, 0.98625, 0.98625, 0.98625, 0.9853125, 0.9853125, 0.9859375, 0.9859375, 0.9865625, 0.9871875, 0.9875, 0.9878125, 0.9875, 0.988125, 0.988125, 0.9878125, 0.988125, 0.988125, 0.9871875, 0.9871875, 0.9871875, 0.9865625, 0.9859375, 0.9853125]}