{"dataset": "MNIST", "k1": 1, "k2": 9, "distance": 9.862312316894531, "alphas": [0.0, 0.0416666679084301, 0.0833333358168602, 0.125, 0.1666666716337204, 0.2083333432674408, 0.25, 0.2916666865348816, 0.3333333432674408, 0.375, 0.4166666865348816, 0.4583333432674408, 0.5, 0.5416666269302368, 0.5833333134651184, 0.625, 0.6666666269302368, 0.7083333134651184, 0.75, 0.7916666865348816, 0.8333333134651184, 0.875, 0.9166666865348816, 0.9583333134651184, 1.0], "losses_train": [0.01393444338144036, 0.013565489730972331, 0.013284852431097534, 0.013065377689199522, 0.012914871086250059, 0.012813050549593754, 0.012754587566014379, 0.012688231331121642, 0.012656240898068064, 0.012656939494772814, 0.012678088164539076, 0.012694980820524506, 0.01268497749697417, 0.0126783370814519, 0.01263554003671743, 0.01255548358662054, 0.012478512355592102, 0.0124176571611315, 0.012400437530595809, 0.012470387140056119, 0.012616484526079148, 0.012815875844098627, 0.013076776582747697, 0.01343964935396798, 0.013871305814245716], "accuracy_lst_train": [0.9946875, 0.995, 0.9953125, 0.995, 0.994375, 0.9940625, 0.994375, 0.9946875, 0.9946875, 0.994375, 0.994375, 0.9946875, 0.9946875, 0.9946875, 0.995, 0.9953125, 0.995, 0.995, 0.995, 0.9953125, 0.995625, 0.995625, 0.9953125, 0.9953125, 0.995], "losses_test": [0.04423521769698709, 0.043111820353660735, 0.042143269202206284, 0.041277355891652406, 0.04056813824921846, 0.039951799917034805, 0.03937149493722245, 0.03886707185069099, 0.03844335263129324, 0.03814039379823953, 0.03792030729004182, 0.03775495666428469, 0.037691622722195464, 0.03767570582567714, 0.03769788105273619, 0.03778912410489284, 0.03801155285560526, 0.03833346034632996, 0.038686760878190396, 0.039132458022795615, 0.03958635219139978, 0.04007776904501952, 0.040623091188026594, 0.04124752112431452, 0.04198473735945299], "accuracy_lst_test": [0.9875, 0.988125, 0.988125, 0.9884375, 0.98875, 0.9890625, 0.9890625, 0.9890625, 0.9890625, 0.9884375, 0.9884375, 0.988125, 0.9884375, 0.988125, 0.98875, 0.9878125, 0.98875, 0.988125, 0.988125, 0.9884375, 0.9878125, 0.9875, 0.9865625, 0.9859375, 0.9853125]}