{"dataset": "MNIST", "k1": 0, "k2": 9, "distance": 19.683637619018555, "alphas": [0.0, 0.0416666679084301, 0.0833333358168602, 0.125, 0.1666666716337204, 0.2083333432674408, 0.25, 0.2916666865348816, 0.3333333432674408, 0.375, 0.4166666865348816, 0.4583333432674408, 0.5, 0.5416666269302368, 0.5833333134651184, 0.625, 0.6666666269302368, 0.7083333134651184, 0.75, 0.7916666865348816, 0.8333333134651184, 0.875, 0.9166666865348816, 0.9583333134651184, 1.0], "losses_train": [0.014741914840997197, 0.014501597885391675, 0.014763073491631076, 0.01527957754500676, 0.016041175815626047, 0.01713165862718597, 0.018432054804870857, 0.019872899261536077, 0.02130934615735896, 0.022645924041280522, 0.023847712823189794, 0.024669101492036133, 0.02501202588668093, 0.02504177237395197, 0.024488585863728075, 0.02356384385144338, 0.02240867755841464, 0.020920646528247745, 0.019247776579577477, 0.017583358120173215, 0.016134782878216358, 0.015035229600034655, 0.014248208818025887, 0.013808542902115733, 0.013871305814245716], "accuracy_lst_train": [0.9946875, 0.9946875, 0.994375, 0.994375, 0.994375, 0.993125, 0.9925, 0.991875, 0.991875, 0.99125, 0.991875, 0.9921875, 0.991875, 0.991875, 0.991875, 0.991875, 0.9921875, 0.9925, 0.993125, 0.9940625, 0.995, 0.9953125, 0.9953125, 0.9953125, 0.995], "losses_test": [0.055935823555337265, 0.05475962416618131, 0.053749463856220245, 0.05298825372708962, 0.05270189951406792, 0.05281162322033197, 0.05316387997474521, 0.05352508541196585, 0.054045638404786586, 0.054604626148939135, 0.05501892091706395, 0.055092313578352335, 0.054758938439190386, 0.05400074977427721, 0.05295626217499375, 0.05139241678640247, 0.04966386334970593, 0.04790515818633139, 0.046250936817377804, 0.044687276487238706, 0.04344757249578834, 0.042504567923024296, 0.04177121750311926, 0.041517059865873306, 0.04198473735945299], "accuracy_lst_test": [0.9821875, 0.9825, 0.9828125, 0.9825, 0.9834375, 0.98375, 0.9834375, 0.9834375, 0.98375, 0.98375, 0.984375, 0.98375, 0.984375, 0.984375, 0.9853125, 0.9853125, 0.9859375, 0.98625, 0.98625, 0.9875, 0.9875, 0.9875, 0.986875, 0.986875, 0.9853125]}