{"dataset": "MNIST", "k1": 1, "k2": 10, "distance": 2.075878858566284, "alphas": [0.0, 0.0416666679084301, 0.0833333358168602, 0.125, 0.1666666716337204, 0.2083333432674408, 0.25, 0.2916666865348816, 0.3333333432674408, 0.375, 0.4166666865348816, 0.4583333432674408, 0.5, 0.5416666269302368, 0.5833333134651184, 0.625, 0.6666666269302368, 0.7083333134651184, 0.75, 0.7916666865348816, 0.8333333134651184, 0.875, 0.9166666865348816, 0.9583333134651184, 1.0], "losses_train": [0.06572292849421502, 0.06475891552865505, 0.06396147936582565, 0.06331126786768436, 0.06278380922973156, 0.062362423613667485, 0.062031805887818335, 0.061771549358963965, 0.061571063473820686, 0.06141105145215988, 0.06127720333635807, 0.06116198800504208, 0.061053389087319374, 0.060945464745163914, 0.060831712931394576, 0.06071282207965851, 0.06058561347424984, 0.06046837069094181, 0.060381580516695975, 0.06034380897879601, 0.06037222005426884, 0.060483186393976214, 0.06068114571273327, 0.06096901789307594, 0.06134567193686962], "accuracy_lst_train": [0.97978515625, 0.98013671875, 0.98013671875, 0.98041015625, 0.9805859375, 0.98078125, 0.98087890625, 0.98103515625, 0.9812109375, 0.98125, 0.9812890625, 0.98125, 0.98115234375, 0.98111328125, 0.98140625, 0.98134765625, 0.9814453125, 0.98150390625, 0.981640625, 0.98177734375, 0.98181640625, 0.9817578125, 0.9816796875, 0.98169921875, 0.98162109375], "losses_test": [0.056649559593200685, 0.05574849632382393, 0.055005005127191545, 0.054382009905576706, 0.05386821275949478, 0.053448043006658556, 0.053120022904872895, 0.05286542488932609, 0.05266287396550179, 0.05251090378761292, 0.05240118753314018, 0.05231592360138893, 0.052247664999961856, 0.052219881916046144, 0.05220410780310631, 0.05221019948124886, 0.05223136440515518, 0.052272291070222854, 0.05234979525208473, 0.05247513437867165, 0.05266805729866028, 0.0529234898686409, 0.053256805312633514, 0.05366996387243271, 0.05416846200227737], "accuracy_lst_test": [0.9813, 0.9819, 0.9817, 0.9819, 0.9821, 0.9821, 0.9821, 0.9821, 0.9822, 0.982, 0.9822, 0.9823, 0.9822, 0.9823, 0.9825, 0.9827, 0.9829, 0.983, 0.983, 0.9826, 0.9825, 0.9825, 0.9825, 0.9821, 0.982]}