{"dataset": "MNIST", "k1": 5, "k2": 10, "distance": 0.555061936378479, "alphas": [0.0, 0.0416666679084301, 0.0833333358168602, 0.125, 0.1666666716337204, 0.2083333432674408, 0.25, 0.2916666865348816, 0.3333333432674408, 0.375, 0.4166666865348816, 0.4583333432674408, 0.5, 0.5416666269302368, 0.5833333134651184, 0.625, 0.6666666269302368, 0.7083333134651184, 0.75, 0.7916666865348816, 0.8333333134651184, 0.875, 0.9166666865348816, 0.9583333134651184, 1.0], "losses_train": [0.06602988325059414, 0.0655275035649538, 0.0650457090139389, 0.06458914496004581, 0.06416439287364482, 0.06377315416932106, 0.06341578789055348, 0.06308904811739921, 0.06279089376330375, 0.06251878403127194, 0.062270753160119055, 0.062047097459435464, 0.06184841826558113, 0.06167504496872425, 0.06152653492987156, 0.0614012485742569, 0.061300165802240375, 0.06122296012938023, 0.061169552132487294, 0.06113957852125168, 0.06113240137696266, 0.06114956818521023, 0.06119102001190185, 0.061255931183695794, 0.06134567193686962], "accuracy_lst_train": [0.97962890625, 0.97970703125, 0.97986328125, 0.9800390625, 0.98033203125, 0.980625, 0.98078125, 0.98087890625, 0.9809765625, 0.9810546875, 0.98119140625, 0.98125, 0.98130859375, 0.9812890625, 0.98146484375, 0.98154296875, 0.98142578125, 0.98150390625, 0.9815625, 0.98162109375, 0.98169921875, 0.98177734375, 0.9817578125, 0.98169921875, 0.98162109375], "losses_test": [0.059953527396917346, 0.059451612800359724, 0.05895962930321694, 0.058483910524845126, 0.058021971035003665, 0.057591654688119887, 0.05719108748435974, 0.056819340389966964, 0.05647230491042137, 0.05614882614612579, 0.05585005692243576, 0.05557558282017708, 0.05532652348875999, 0.05510339704155922, 0.0549045615375042, 0.05473117088079452, 0.054579590475559235, 0.054450234401226046, 0.05434336171746254, 0.054258865225315096, 0.05419703226685524, 0.054156755703687665, 0.054137278872728345, 0.05414039321541786, 0.05416846200227737], "accuracy_lst_test": [0.9813, 0.9813, 0.9814, 0.9813, 0.9814, 0.9815, 0.9817, 0.9819, 0.9819, 0.9819, 0.9821, 0.9824, 0.9824, 0.9825, 0.9825, 0.9826, 0.9826, 0.9827, 0.9825, 0.9826, 0.9826, 0.9824, 0.9824, 0.9822, 0.982]}