{"dataset": "MNIST", "k1": 5, "k2": 8, "distance": 0.40677738189697266, "alphas": [0.0, 0.0416666679084301, 0.0833333358168602, 0.125, 0.1666666716337204, 0.2083333432674408, 0.25, 0.2916666865348816, 0.3333333432674408, 0.375, 0.4166666865348816, 0.4583333432674408, 0.5, 0.5416666269302368, 0.5833333134651184, 0.625, 0.6666666269302368, 0.7083333134651184, 0.75, 0.7916666865348816, 0.8333333134651184, 0.875, 0.9166666865348816, 0.9583333134651184, 1.0], "losses_train": [0.07560799792408943, 0.07500479251146316, 0.07447944886982441, 0.07403002895414829, 0.07365480408072472, 0.07335251666605473, 0.07312113530933857, 0.07295801959931851, 0.07286281310021878, 0.07283472508192063, 0.07287175565958023, 0.0729723507910967, 0.07313716880977154, 0.07336673721671104, 0.07366005659103393, 0.07401689924299718, 0.07443753086030483, 0.07492151625454425, 0.07546937629580498, 0.07608224265277386, 0.0767591805011034, 0.07750060498714446, 0.07830828301608563, 0.07918178446590901, 0.08012183874845505], "accuracy_lst_train": [0.9764453125, 0.97673828125, 0.97705078125, 0.97736328125, 0.9773828125, 0.97748046875, 0.977421875, 0.9773828125, 0.977421875, 0.9775, 0.97755859375, 0.9774609375, 0.97740234375, 0.97724609375, 0.97732421875, 0.97736328125, 0.97720703125, 0.9769921875, 0.97677734375, 0.97666015625, 0.9764453125, 0.9762109375, 0.9758984375, 0.9756640625, 0.97541015625], "losses_test": [0.06473110567331314, 0.06424106265306473, 0.0638209040760994, 0.06346927835941314, 0.06318370403051377, 0.06296529961824417, 0.06281060213446617, 0.06272123250961303, 0.06269422162175178, 0.06272838001847267, 0.06282391603589058, 0.06297832560539246, 0.06319318994879723, 0.06346570105552674, 0.06379644317030907, 0.06418508750200272, 0.06463121647238732, 0.0651356550514698, 0.06569737820625306, 0.06631941408514977, 0.06700133841633797, 0.06774528096318246, 0.06855199115872383, 0.0694222313463688, 0.07035751907229423], "accuracy_lst_test": [0.979, 0.9792, 0.9793, 0.9793, 0.9792, 0.9796, 0.9798, 0.9794, 0.9796, 0.9799, 0.98, 0.9798, 0.9795, 0.9798, 0.9798, 0.9797, 0.9796, 0.9794, 0.9794, 0.9797, 0.9796, 0.9796, 0.9793, 0.9792, 0.9793]}