{"dataset": "MNIST", "k1": 1, "k2": 6, "distance": 1.7455536127090454, "alphas": [0.0, 0.0416666679084301, 0.0833333358168602, 0.125, 0.1666666716337204, 0.2083333432674408, 0.25, 0.2916666865348816, 0.3333333432674408, 0.375, 0.4166666865348816, 0.4583333432674408, 0.5, 0.5416666269302368, 0.5833333134651184, 0.625, 0.6666666269302368, 0.7083333134651184, 0.75, 0.7916666865348816, 0.8333333134651184, 0.875, 0.9166666865348816, 0.9583333134651184, 1.0], "losses_train": [0.09724993541836739, 0.0972137302160263, 0.09725934967398643, 0.09737953782081604, 0.09756134271621704, 0.09779194369912148, 0.09805994734168053, 0.09835901156067849, 0.09866119146347047, 0.09895320594310761, 0.09922380909323693, 0.09945408806204796, 0.09964244738221169, 0.09978108003735542, 0.09986623793840409, 0.09988918900489807, 0.09986471980810166, 0.09980607271194458, 0.09971306920051574, 0.09963093727827071, 0.09959138020873069, 0.09961040452122688, 0.09970740079879761, 0.09988625481724739, 0.10014876291155815], "accuracy_lst_train": [0.97017578125, 0.9703515625, 0.97029296875, 0.97017578125, 0.97017578125, 0.9701953125, 0.97015625, 0.97001953125, 0.96984375, 0.9696875, 0.9694921875, 0.96935546875, 0.96927734375, 0.9691796875, 0.969140625, 0.96904296875, 0.96904296875, 0.96927734375, 0.96939453125, 0.9694921875, 0.96953125, 0.96953125, 0.9695703125, 0.9694921875, 0.9695703125], "losses_test": [0.0851679907798767, 0.08497667722702026, 0.08486289027929306, 0.08481148816347123, 0.08480938136577607, 0.08485821424722671, 0.08493202087879181, 0.08503764133453369, 0.08516211344003677, 0.08530748987197875, 0.08545568443536758, 0.08558654682636262, 0.08568299320936203, 0.08575905114412308, 0.08582180590629578, 0.08584990154504776, 0.08584168466329574, 0.08580827838182449, 0.08577270684242248, 0.08575557899475098, 0.08576694600582123, 0.08582100434303283, 0.0859392341375351, 0.08612247445583343, 0.08637301514148713], "accuracy_lst_test": [0.9716, 0.9715, 0.9718, 0.9719, 0.9718, 0.9719, 0.9718, 0.9716, 0.9716, 0.9722, 0.972, 0.9723, 0.9726, 0.9729, 0.973, 0.9728, 0.9727, 0.9722, 0.9722, 0.9723, 0.9724, 0.9727, 0.9727, 0.9726, 0.9724]}