{"dataset": "MNIST", "k1": 0, "k2": 8, "distance": 18.346586227416992, "alphas": [0.0, 0.0416666679084301, 0.0833333358168602, 0.125, 0.1666666716337204, 0.2083333432674408, 0.25, 0.2916666865348816, 0.3333333432674408, 0.375, 0.4166666865348816, 0.4583333432674408, 0.5, 0.5416666269302368, 0.5833333134651184, 0.625, 0.6666666269302368, 0.7083333134651184, 0.75, 0.7916666865348816, 0.8333333134651184, 0.875, 0.9166666865348816, 0.9583333134651184, 1.0], "losses_train": [0.025155138877453284, 0.022905480486806483, 0.021673911842517556, 0.02125436394358985, 0.021482673070859163, 0.02215468228328973, 0.023136572337243706, 0.02426330979214981, 0.02539369322359562, 0.026303911940194668, 0.0271324445027858, 0.02761972388718277, 0.027814001478254795, 0.02765076816547662, 0.027212396981194615, 0.02640193361323327, 0.025200196420773865, 0.023848775518126787, 0.022426053318195045, 0.021083828001283108, 0.019871285629924386, 0.018888094103895126, 0.01822006557835266, 0.01780475102015771, 0.01764080537483096], "accuracy_lst_train": [0.990625, 0.9921875, 0.9934375, 0.9934375, 0.9928125, 0.9925, 0.9921875, 0.9921875, 0.990625, 0.9915625, 0.9909375, 0.9909375, 0.990625, 0.99125, 0.9909375, 0.9909375, 0.99125, 0.991875, 0.9928125, 0.9934375, 0.993125, 0.993125, 0.9934375, 0.994375, 0.9940625], "losses_test": [0.055089227969292553, 0.051086341452319176, 0.04877265111543238, 0.04752207997720689, 0.047139997552148996, 0.04728668693453073, 0.047967265648767354, 0.04899615040048957, 0.05008783368393779, 0.05107131489552558, 0.051899738488718865, 0.052455267701298, 0.052561638709157706, 0.05234234538860619, 0.05193142430856824, 0.05132023556157947, 0.05063798306509852, 0.05003009360283613, 0.049507124787196516, 0.04912249261047691, 0.04880985278636217, 0.04875444390345365, 0.04898277595639229, 0.04948892093962058, 0.05052710790652782], "accuracy_lst_test": [0.9803125, 0.980625, 0.9815625, 0.9825, 0.9834375, 0.98375, 0.9834375, 0.983125, 0.9834375, 0.9828125, 0.9825, 0.9821875, 0.9828125, 0.983125, 0.9834375, 0.9834375, 0.9834375, 0.984375, 0.985625, 0.985, 0.985, 0.9846875, 0.984375, 0.98375, 0.9834375]}