{"dataset": "MNIST", "k1": 1, "k2": 4, "distance": 4.883846759796143, "alphas": [0.0, 0.0416666679084301, 0.0833333358168602, 0.125, 0.1666666716337204, 0.2083333432674408, 0.25, 0.2916666865348816, 0.3333333432674408, 0.375, 0.4166666865348816, 0.4583333432674408, 0.5, 0.5416666269302368, 0.5833333134651184, 0.625, 0.6666666269302368, 0.7083333134651184, 0.75, 0.7916666865348816, 0.8333333134651184, 0.875, 0.9166666865348816, 0.9583333134651184, 1.0], "losses_train": [0.041229823210742325, 0.04010289252968505, 0.03905016113072634, 0.03809755705995485, 0.03722956041805446, 0.036423814659938214, 0.03566123987315223, 0.034960625784005966, 0.03434145150473342, 0.03379967806860804, 0.033324512457475065, 0.032906568988692014, 0.03255063976743258, 0.03226551834261045, 0.03209209684166126, 0.032020709979115054, 0.03205002034665085, 0.03217365343356505, 0.03241604674025439, 0.03276338896714151, 0.033230486554093656, 0.0338120459986385, 0.03452251222450286, 0.035393098169006404, 0.03644968424458057], "accuracy_lst_train": [0.9903125, 0.99125, 0.991875, 0.9921875, 0.9921875, 0.9921875, 0.991875, 0.9921875, 0.9921875, 0.9921875, 0.9921875, 0.9921875, 0.9925, 0.9921875, 0.9921875, 0.9921875, 0.9921875, 0.9925, 0.9925, 0.9921875, 0.9921875, 0.9921875, 0.9925, 0.9921875, 0.9909375], "losses_test": [0.06128529513720423, 0.05956205036025494, 0.058025704324245454, 0.05663713509216905, 0.055425711835268884, 0.05444910040125251, 0.05367569317575544, 0.05308433622354641, 0.05264438769547269, 0.05234553786925972, 0.05214185045333579, 0.05205697238910943, 0.05209941716166213, 0.052294855848886074, 0.05262755715288222, 0.05307327008340508, 0.05368571364786476, 0.05445814322214573, 0.05536758185364306, 0.05644955358002335, 0.05767364605795592, 0.05902346229646355, 0.06058197733480483, 0.06233498827554285, 0.06428565680980683], "accuracy_lst_test": [0.979375, 0.9796875, 0.98125, 0.981875, 0.9821875, 0.9828125, 0.98375, 0.9840625, 0.9840625, 0.984375, 0.9840625, 0.9840625, 0.98375, 0.983125, 0.9834375, 0.9828125, 0.9825, 0.9821875, 0.98125, 0.9809375, 0.98125, 0.9809375, 0.9803125, 0.9803125, 0.98]}