{"dataset": "MNIST", "k1": 0, "k2": 3, "distance": 2.9103105068206787, "alphas": [0.0, 0.0416666679084301, 0.0833333358168602, 0.125, 0.1666666716337204, 0.2083333432674408, 0.25, 0.2916666865348816, 0.3333333432674408, 0.375, 0.4166666865348816, 0.4583333432674408, 0.5, 0.5416666269302368, 0.5833333134651184, 0.625, 0.6666666269302368, 0.7083333134651184, 0.75, 0.7916666865348816, 0.8333333134651184, 0.875, 0.9166666865348816, 0.9583333134651184, 1.0], "losses_train": [0.1950891360640526, 0.19456404954195022, 0.19458315193653106, 0.1950770628452301, 0.1959692880511284, 0.19718868106603624, 0.19861918985843657, 0.20014705657958984, 0.20163658499717713, 0.20298144966363907, 0.20411525756120683, 0.20499513775110245, 0.20561956793069838, 0.20595893651247024, 0.20595235913991927, 0.20561101347208022, 0.20494592934846878, 0.20406349509954452, 0.20309131801128388, 0.2021961811184883, 0.20144266694784163, 0.2008805164694786, 0.20053607374429702, 0.20040808886289596, 0.2005145373940468], "accuracy_lst_train": [0.9422265625, 0.94298828125, 0.943203125, 0.94326171875, 0.943125, 0.94265625, 0.9421875, 0.94173828125, 0.9412890625, 0.94099609375, 0.94052734375, 0.9401953125, 0.94009765625, 0.93994140625, 0.9398046875, 0.93990234375, 0.94, 0.94017578125, 0.94025390625, 0.94046875, 0.94044921875, 0.94056640625, 0.9409375, 0.94109375, 0.94078125], "losses_test": [0.18130861794948577, 0.1808105054616928, 0.1808510992527008, 0.18134738445281984, 0.18223832352161407, 0.18343991150856018, 0.1848096920967102, 0.18626472284793855, 0.1876604588508606, 0.1888394505739212, 0.18977131996154786, 0.1903716044664383, 0.19073267352581025, 0.19087880194187165, 0.19076785154342651, 0.19033948225975036, 0.1895209730386734, 0.1884537844181061, 0.18728152577877044, 0.18617330877780913, 0.18523288323879242, 0.18448845691680907, 0.18398212237358094, 0.1836938235282898, 0.18365342981815339], "accuracy_lst_test": [0.9457, 0.9462, 0.9471, 0.9474, 0.9475, 0.9475, 0.9472, 0.947, 0.9469, 0.9463, 0.9459, 0.9452, 0.9451, 0.9448, 0.9446, 0.9449, 0.9451, 0.9456, 0.9462, 0.9458, 0.9458, 0.946, 0.9459, 0.9453, 0.9452]}