{"dataset": "MNIST", "k1": 2, "k2": 5, "distance": 4.885815143585205, "alphas": [0.0, 0.0416666679084301, 0.0833333358168602, 0.125, 0.1666666716337204, 0.2083333432674408, 0.25, 0.2916666865348816, 0.3333333432674408, 0.375, 0.4166666865348816, 0.4583333432674408, 0.5, 0.5416666269302368, 0.5833333134651184, 0.625, 0.6666666269302368, 0.7083333134651184, 0.75, 0.7916666865348816, 0.8333333134651184, 0.875, 0.9166666865348816, 0.9583333134651184, 1.0], "losses_train": [0.03467060673283413, 0.033373920004814865, 0.03222318510292098, 0.03122196378884837, 0.030389289000304416, 0.029702584471087902, 0.029109463922213762, 0.028625482339411975, 0.028270458969054744, 0.028051563864573838, 0.027943678236333654, 0.027980782305821777, 0.028153377714334057, 0.02847651032614522, 0.028939881664700805, 0.029525668281130492, 0.030230213693575935, 0.031073667014716193, 0.03204816798213869, 0.03313202519901097, 0.03432546059251763, 0.035639214023249224, 0.037123907988425346, 0.038778830294031646, 0.040614414603915065], "accuracy_lst_train": [0.99, 0.9903125, 0.99, 0.99, 0.99, 0.99, 0.990625, 0.990625, 0.9909375, 0.990625, 0.99, 0.990625, 0.9909375, 0.99125, 0.9909375, 0.9909375, 0.9909375, 0.9909375, 0.9909375, 0.990625, 0.99, 0.99, 0.98875, 0.988125, 0.988125], "losses_test": [0.0576957296859473, 0.05592045704834163, 0.05443306398112327, 0.053177619222551584, 0.05211371225304902, 0.051274040625430645, 0.05064562088344246, 0.050245804232545196, 0.050066849738359454, 0.05003698126878589, 0.05016302684321999, 0.05044019868597388, 0.05087661595549434, 0.05149230446666479, 0.052241773996502164, 0.053165247184224426, 0.05428844200912863, 0.055623308354988694, 0.05713943207170814, 0.05886259086895734, 0.06078171704895794, 0.0628986956551671, 0.06522165935952216, 0.06774508653208614, 0.07044965321198106], "accuracy_lst_test": [0.9825, 0.9828125, 0.984375, 0.9840625, 0.98375, 0.98375, 0.98375, 0.98375, 0.98375, 0.9840625, 0.984375, 0.985, 0.985, 0.985625, 0.9853125, 0.985, 0.984375, 0.984375, 0.9834375, 0.9828125, 0.9825, 0.981875, 0.9803125, 0.9778125, 0.9771875]}