{"dataset": "MNIST", "k1": 3, "k2": 8, "distance": 6.6596760749816895, "alphas": [0.0, 0.0416666679084301, 0.0833333358168602, 0.125, 0.1666666716337204, 0.2083333432674408, 0.25, 0.2916666865348816, 0.3333333432674408, 0.375, 0.4166666865348816, 0.4583333432674408, 0.5, 0.5416666269302368, 0.5833333134651184, 0.625, 0.6666666269302368, 0.7083333134651184, 0.75, 0.7916666865348816, 0.8333333134651184, 0.875, 0.9166666865348816, 0.9583333134651184, 1.0], "losses_train": [0.026175864815013484, 0.024466044963337482, 0.022931572130182758, 0.021598756407620386, 0.020441777133382858, 0.019426717439782807, 0.018515149042359555, 0.0177180423081154, 0.017006463356665336, 0.016397249814472162, 0.015867702993564308, 0.015391154467943124, 0.015005090954946353, 0.014708267219830304, 0.014491407774621622, 0.014391133977333083, 0.014365659696632066, 0.014412561876233666, 0.014542165684397333, 0.014770453216042369, 0.015130196317331866, 0.015586032529827208, 0.016150883177760988, 0.016844152878038584, 0.01764080537483096], "accuracy_lst_train": [0.9903125, 0.990625, 0.9909375, 0.99125, 0.9915625, 0.991875, 0.991875, 0.9925, 0.99375, 0.9940625, 0.9940625, 0.9940625, 0.9946875, 0.9946875, 0.9946875, 0.9946875, 0.9946875, 0.9953125, 0.995625, 0.9953125, 0.9953125, 0.9953125, 0.9953125, 0.994375, 0.9940625], "losses_test": [0.05817140409722924, 0.05599328191950917, 0.05408529004547745, 0.05245591128943488, 0.051020297491922974, 0.04974740146426484, 0.048611431433819234, 0.047629164496902375, 0.04676490986719727, 0.046031967082526534, 0.045419064327143134, 0.04494935020338744, 0.044612293543759736, 0.0444488452328369, 0.04444862571777776, 0.044567501007113604, 0.04478807339211926, 0.04508435867726803, 0.04547011585207656, 0.04598184054484591, 0.0466110984236002, 0.047363585198763755, 0.048275447839405385, 0.0493372304760851, 0.05052710790652782], "accuracy_lst_test": [0.9815625, 0.9825, 0.9834375, 0.98375, 0.984375, 0.9846875, 0.985, 0.9853125, 0.9859375, 0.9859375, 0.9859375, 0.98625, 0.98625, 0.98625, 0.9859375, 0.985625, 0.985625, 0.9853125, 0.9853125, 0.985, 0.9846875, 0.985, 0.984375, 0.98375, 0.9834375]}