{"dataset": "MNIST", "k1": 0, "k2": 4, "distance": 3.322174310684204, "alphas": [0.0, 0.0416666679084301, 0.0833333358168602, 0.125, 0.1666666716337204, 0.2083333432674408, 0.25, 0.2916666865348816, 0.3333333432674408, 0.375, 0.4166666865348816, 0.4583333432674408, 0.5, 0.5416666269302368, 0.5833333134651184, 0.625, 0.6666666269302368, 0.7083333134651184, 0.75, 0.7916666865348816, 0.8333333134651184, 0.875, 0.9166666865348816, 0.9583333134651184, 1.0], "losses_train": [0.14871598437428474, 0.14890550523996354, 0.14945880934596062, 0.1502990737557411, 0.1513601139187813, 0.15258200377225875, 0.1538943175971508, 0.15518325433135033, 0.15633787363767623, 0.15728040188550949, 0.15793424040079118, 0.15823580712080001, 0.15819388672709464, 0.1578353488445282, 0.157198918312788, 0.1563289600610733, 0.15533558756113053, 0.15428082555532455, 0.15329099491238593, 0.152480159252882, 0.15191209748387335, 0.15163138672709464, 0.15165269032120704, 0.1519859804213047, 0.15263992190361023], "accuracy_lst_train": [0.955390625, 0.95537109375, 0.95515625, 0.95494140625, 0.95478515625, 0.954453125, 0.9540625, 0.95392578125, 0.95375, 0.95369140625, 0.95361328125, 0.95365234375, 0.95349609375, 0.9534375, 0.95353515625, 0.953671875, 0.95421875, 0.954375, 0.9548828125, 0.955, 0.95498046875, 0.95501953125, 0.95498046875, 0.95478515625, 0.954375], "losses_test": [0.13501816337108613, 0.13533905704021454, 0.13597643435001372, 0.13683937129974366, 0.1378787219762802, 0.13904128530025484, 0.14024252285957337, 0.1414148122549057, 0.14243524842262267, 0.14321354892253876, 0.14361904957294463, 0.1436616903066635, 0.14338035106658936, 0.14293667395114898, 0.14223657667636871, 0.14122886157035827, 0.14005686774253845, 0.13880235176086425, 0.137610475897789, 0.1366017301797867, 0.1358694752931595, 0.13545125601291658, 0.13531444370746612, 0.1354847568511963, 0.13599910287857056], "accuracy_lst_test": [0.9609, 0.9608, 0.9601, 0.9599, 0.9594, 0.9591, 0.9592, 0.9589, 0.9588, 0.9584, 0.9581, 0.9578, 0.9577, 0.958, 0.9579, 0.9583, 0.9585, 0.9591, 0.96, 0.9596, 0.9594, 0.9596, 0.96, 0.9599, 0.9594]}