{"dataset": "MNIST", "k1": 2, "k2": 7, "distance": 0.4087028205394745, "alphas": [0.0, 0.0416666679084301, 0.0833333358168602, 0.125, 0.1666666716337204, 0.2083333432674408, 0.25, 0.2916666865348816, 0.3333333432674408, 0.375, 0.4166666865348816, 0.4583333432674408, 0.5, 0.5416666269302368, 0.5833333134651184, 0.625, 0.6666666269302368, 0.7083333134651184, 0.75, 0.7916666865348816, 0.8333333134651184, 0.875, 0.9166666865348816, 0.9583333134651184, 1.0], "losses_train": [0.08318553216755391, 0.08298817344009876, 0.08283374041318893, 0.08272103376686574, 0.08265024587512017, 0.08262193679809571, 0.08263441681861877, 0.08268793106079102, 0.08278280951082706, 0.08291888117790222, 0.08309638880193233, 0.08331493392586709, 0.08357492983341216, 0.08387627094984054, 0.08421934336423874, 0.08460306361317635, 0.08502786472439766, 0.08549536801874638, 0.08600515887141227, 0.08655759900808334, 0.08715174958109856, 0.08778729796409607, 0.0884660542011261, 0.08918860986828804, 0.089955181106925], "accuracy_lst_train": [0.9748828125, 0.97494140625, 0.9748046875, 0.9748046875, 0.97482421875, 0.974921875, 0.97494140625, 0.9748828125, 0.97486328125, 0.97484375, 0.97486328125, 0.97474609375, 0.9745703125, 0.97451171875, 0.9744140625, 0.97431640625, 0.97412109375, 0.9740625, 0.97400390625, 0.97380859375, 0.9736328125, 0.97330078125, 0.97318359375, 0.97279296875, 0.97275390625], "losses_test": [0.07294202610254288, 0.07272246199846268, 0.07253998746871948, 0.07239832726716995, 0.07229701163768769, 0.07223640064001083, 0.07221744616031647, 0.07223703413009644, 0.07229282993078232, 0.07238833246231079, 0.07252316440343856, 0.07269885987043381, 0.07291254202127456, 0.07316098475456238, 0.07344862314462662, 0.0737812560081482, 0.07415672961473464, 0.07457251667976379, 0.07502894551753998, 0.07552870373725891, 0.07607053401470185, 0.07665452358722687, 0.07728042793273926, 0.07795056661367417, 0.07866358824968338], "accuracy_lst_test": [0.9765, 0.9767, 0.9769, 0.9769, 0.977, 0.977, 0.9769, 0.9769, 0.9766, 0.9765, 0.9763, 0.9762, 0.9764, 0.9765, 0.9765, 0.976, 0.9759, 0.976, 0.9756, 0.9753, 0.9749, 0.9747, 0.9748, 0.9751, 0.9748]}