{"dataset": "MNIST", "k1": 5, "k2": 6, "distance": 0.2441546618938446, "alphas": [0.0, 0.0416666679084301, 0.0833333358168602, 0.125, 0.1666666716337204, 0.2083333432674408, 0.25, 0.2916666865348816, 0.3333333432674408, 0.375, 0.4166666865348816, 0.4583333432674408, 0.5, 0.5416666269302368, 0.5833333134651184, 0.625, 0.6666666269302368, 0.7083333134651184, 0.75, 0.7916666865348816, 0.8333333134651184, 0.875, 0.9166666865348816, 0.9583333134651184, 1.0], "losses_train": [0.1021267069876194, 0.10137011244893074, 0.10067535415291787, 0.10003991693258285, 0.09946335554122925, 0.09894636169075965, 0.0984880781173706, 0.09808805346488952, 0.0977453875541687, 0.09746018782258034, 0.0972316312789917, 0.0970614443719387, 0.09694952502846718, 0.09689564675092698, 0.09690021678805351, 0.09696213081479073, 0.09708120495080948, 0.0972587177157402, 0.09749416202306747, 0.09778782457113266, 0.09813993766903878, 0.0985515071451664, 0.09902306109666824, 0.099555694013834, 0.10014876291155815], "accuracy_lst_train": [0.969140625, 0.9694921875, 0.96966796875, 0.9700390625, 0.97021484375, 0.97037109375, 0.9705078125, 0.9707421875, 0.97076171875, 0.97083984375, 0.970859375, 0.97083984375, 0.970859375, 0.97076171875, 0.9707421875, 0.9706640625, 0.970546875, 0.97033203125, 0.9705078125, 0.97021484375, 0.97017578125, 0.97013671875, 0.96982421875, 0.96958984375, 0.9695703125], "losses_test": [0.0896341657280922, 0.0888937482714653, 0.08820782903432846, 0.08757533416748046, 0.08699601202011109, 0.08646841560602188, 0.08599296123981476, 0.08556962385177612, 0.08519849623441696, 0.08488032017946243, 0.08461447738409042, 0.08440225412845612, 0.08424023067951203, 0.08412888016700745, 0.08406983361244201, 0.08406339254379272, 0.08410812118053436, 0.08420597521066665, 0.08435840276479721, 0.08456169637441635, 0.08481740839481354, 0.08512520062923432, 0.08548661803007127, 0.0859016304731369, 0.08637301514148713], "accuracy_lst_test": [0.9712, 0.9712, 0.9712, 0.9714, 0.9715, 0.9718, 0.9718, 0.9723, 0.9723, 0.9726, 0.9726, 0.9724, 0.9724, 0.9726, 0.9728, 0.973, 0.9731, 0.9733, 0.9731, 0.9728, 0.9731, 0.9729, 0.973, 0.9727, 0.9724]}