{"dataset": "MNIST", "k1": 0, "k2": 5, "distance": 14.039137840270996, "alphas": [0.0, 0.0416666679084301, 0.0833333358168602, 0.125, 0.1666666716337204, 0.2083333432674408, 0.25, 0.2916666865348816, 0.3333333432674408, 0.375, 0.4166666865348816, 0.4583333432674408, 0.5, 0.5416666269302368, 0.5833333134651184, 0.625, 0.6666666269302368, 0.7083333134651184, 0.75, 0.7916666865348816, 0.8333333134651184, 0.875, 0.9166666865348816, 0.9583333134651184, 1.0], "losses_train": [0.03539791386341676, 0.03519809699151665, 0.03542495172936469, 0.0360211420385167, 0.03698380432091653, 0.03826508167665452, 0.0397489025676623, 0.04150102483574301, 0.0433366487454623, 0.04508918469771743, 0.046710011959075926, 0.047977523002773526, 0.0488349917717278, 0.04921293896622956, 0.049130865260958674, 0.04849533956963569, 0.0475442372309044, 0.04647427444346249, 0.04530424688011408, 0.04414268690161407, 0.043010869349818674, 0.042007367960177365, 0.04124698016094044, 0.04078885564114899, 0.040614414603915065], "accuracy_lst_train": [0.99125, 0.99125, 0.9909375, 0.9903125, 0.989375, 0.9884375, 0.9878125, 0.9871875, 0.9865625, 0.9859375, 0.985625, 0.985, 0.98625, 0.9853125, 0.985, 0.985625, 0.985625, 0.9853125, 0.985625, 0.98625, 0.98625, 0.9871875, 0.9871875, 0.988125, 0.988125], "losses_test": [0.05740236487239599, 0.05720859359949827, 0.05744922005571425, 0.058129737675189974, 0.059267764063552025, 0.060711391121149066, 0.062417139895260335, 0.06431918004527688, 0.06649738840758801, 0.0688841393403709, 0.07121959729120135, 0.07322753438726068, 0.07469936668872833, 0.07539747079834341, 0.07538033414632082, 0.07482628405094147, 0.07390622895210981, 0.07294950492680073, 0.07209050625562669, 0.07120056659914553, 0.07033863758668303, 0.06973479630425572, 0.0694733861181885, 0.06979933322872967, 0.07044965321198106], "accuracy_lst_test": [0.98, 0.9803125, 0.9803125, 0.9796875, 0.98, 0.98125, 0.981875, 0.981875, 0.9809375, 0.9796875, 0.97875, 0.9784375, 0.9784375, 0.9778125, 0.9778125, 0.9775, 0.9775, 0.9775, 0.9778125, 0.9771875, 0.978125, 0.9784375, 0.976875, 0.9778125, 0.9771875]}