{"dataset": "MNIST", "k1": 0, "k2": 1, "distance": 6.740837574005127, "alphas": [0.0, 0.0416666679084301, 0.0833333358168602, 0.125, 0.1666666716337204, 0.2083333432674408, 0.25, 0.2916666865348816, 0.3333333432674408, 0.375, 0.4166666865348816, 0.4583333432674408, 0.5, 0.5416666269302368, 0.5833333134651184, 0.625, 0.6666666269302368, 0.7083333134651184, 0.75, 0.7916666865348816, 0.8333333134651184, 0.875, 0.9166666865348816, 0.9583333134651184, 1.0], "losses_train": [0.0982583000510931, 0.09902196798473596, 0.10008338984102011, 0.10142479799687862, 0.10300815239548683, 0.10468719977885485, 0.10631794475018978, 0.10768182501196862, 0.10871328130364417, 0.10954829379916191, 0.11007119201123715, 0.11006323345005513, 0.10984162006527186, 0.109427611194551, 0.10860043182969094, 0.10745150923728942, 0.10609761338680983, 0.10467437360435725, 0.10354625262320041, 0.10284032937139273, 0.10256149619817734, 0.10294564306735993, 0.10395628031343222, 0.10587776921689511, 0.10881920028477907], "accuracy_lst_train": [0.9715625, 0.970625, 0.9703125, 0.9709375, 0.97, 0.970625, 0.97, 0.969375, 0.9690625, 0.9690625, 0.969375, 0.96875, 0.9678125, 0.9675, 0.9684375, 0.968125, 0.9684375, 0.968125, 0.9684375, 0.9690625, 0.9703125, 0.97, 0.969375, 0.968125, 0.9671875], "losses_test": [0.13944244392216207, 0.13987269312143324, 0.14064917601644994, 0.14168599218130112, 0.14294468447566033, 0.14419351138174533, 0.14536287046968938, 0.14642421565949917, 0.14716267064213753, 0.14758132167160512, 0.14787256121635436, 0.14779117397964, 0.14728679783642293, 0.14637764915823936, 0.1450766237825155, 0.14358386665582656, 0.14187088280916213, 0.14006234608590604, 0.13826969970017672, 0.13684333480894564, 0.1358416960015893, 0.13554599419236182, 0.13617286954075097, 0.13782549887895584, 0.1406132972985506], "accuracy_lst_test": [0.956875, 0.9565625, 0.9559375, 0.955625, 0.955, 0.954375, 0.9540625, 0.955625, 0.956875, 0.95625, 0.9559375, 0.9553125, 0.9553125, 0.954375, 0.9546875, 0.955, 0.9546875, 0.9546875, 0.9553125, 0.955, 0.9553125, 0.9540625, 0.9534375, 0.9515625, 0.9503125]}