{"dataset": "MNIST", "k1": 1, "k2": 2, "distance": 0.33782172203063965, "alphas": [0.0, 0.0416666679084301, 0.0833333358168602, 0.125, 0.1666666716337204, 0.2083333432674408, 0.25, 0.2916666865348816, 0.3333333432674408, 0.375, 0.4166666865348816, 0.4583333432674408, 0.5, 0.5416666269302368, 0.5833333134651184, 0.625, 0.6666666269302368, 0.7083333134651184, 0.75, 0.7916666865348816, 0.8333333134651184, 0.875, 0.9166666865348816, 0.9583333134651184, 1.0], "losses_train": [0.2872090083360672, 0.28552828341722486, 0.28397882550954817, 0.2825593113899231, 0.28126614183187487, 0.280095639526844, 0.27904383301734925, 0.27811117708683014, 0.27729654163122175, 0.27660028904676437, 0.2760252413153648, 0.27556965231895447, 0.2752337831258774, 0.2750191015005112, 0.2749283671379089, 0.2749603146314621, 0.2751159596443176, 0.2754015889763832, 0.27582052230834964, 0.2763765415549278, 0.2770695614814758, 0.27789986312389375, 0.27887143433094025, 0.2799868631362915, 0.28124794334173203], "accuracy_lst_train": [0.91447265625, 0.9151953125, 0.9153125, 0.91587890625, 0.9165234375, 0.9165625, 0.91697265625, 0.917734375, 0.918359375, 0.91861328125, 0.91892578125, 0.91892578125, 0.91908203125, 0.9191796875, 0.9190234375, 0.91919921875, 0.91916015625, 0.9191015625, 0.91884765625, 0.918671875, 0.91857421875, 0.91841796875, 0.91822265625, 0.917734375, 0.91759765625], "losses_test": [0.26503318185806274, 0.2634072997570038, 0.2619133590698242, 0.2605388848304748, 0.2592924660205841, 0.2581643936634064, 0.25715634965896605, 0.25626395206451413, 0.2554835546016693, 0.25481283609867095, 0.25425216245651244, 0.25380233433246613, 0.25347338972091676, 0.2532633539199829, 0.25317273716926575, 0.2531996544122696, 0.2533491726160049, 0.25362335662841795, 0.25402418394088744, 0.25455413880348204, 0.25521260097026827, 0.25600272662639617, 0.25693050055503847, 0.2579942785024643, 0.2591950692653656], "accuracy_lst_test": [0.9208, 0.9214, 0.9221, 0.9228, 0.9239, 0.924, 0.9246, 0.9253, 0.9263, 0.9266, 0.9266, 0.9267, 0.9273, 0.9271, 0.9274, 0.9277, 0.9281, 0.9278, 0.9278, 0.9281, 0.9275, 0.9272, 0.9267, 0.9259, 0.9256]}